origin,destination,delay_probability
ABE,ATL,0.0
ABE,DTW,0.0
ABE,ORD,0.0
ABI,DFW,0.0
ABQ,ATL,0.0
ABQ,BWI,0.0
ABQ,CLT,0.0
ABQ,DAL,0.0
ABQ,DEN,0.0
ABQ,DFW,0.0
ABQ,HOU,0.0
ABQ,IAH,0.0
ABQ,JFK,0.0
ABQ,LAS,0.0
ABQ,LAX,0.0
ABQ,MCI,0.0
ABQ,MCO,0.0
ABQ,MDW,0.0
ABQ,MSP,0.0
ABQ,OAK,0.0
ABQ,ORD,0.0
ABQ,PDX,0.0
ABQ,PHX,0.0
ABQ,SAN,0.0
ABQ,SEA,0.0
ABQ,SFO,0.0
ABQ,SLC,0.0
ABR,MSP,0.0
ABY,ATL,0.0
ACK,BOS,0.0
ACK,DCA,0.0
ACK,JFK,0.0
ACT,DFW,0.0
ACV,SFO,0.0
ACY,ATL,0.0
ACY,BOS,1.0
ACY,DTW,1.0
ACY,FLL,0.0
ACY,MCO,0.0
ACY,MYR,0.0
ACY,ORD,1.0
ACY,PBI,0.0
ACY,RSW,0.0
ACY,TPA,0.0
ADK,ANC,1.0
ADQ,ANC,0.0
AEX,ATL,0.0
AEX,DFW,0.0
AEX,IAH,0.0
AGS,ATL,0.0
AGS,LGA,0.0
AKN,ANC,1.0
ALB,ATL,0.0
ALB,BWI,0.0
ALB,CLT,0.0
ALB,DEN,0.0
ALB,DTW,0.0
ALB,EWR,0.0
ALB,FLL,0.0
ALB,IAD,1.0
ALB,LAS,0.0
ALB,MCO,0.0
ALB,MDW,0.0
ALB,MSP,0.0
ALB,ORD,0.0
ALB,RSW,1.0
ALB,TPA,0.0
ALO,ORD,0.0
AMA,DAL,0.0
AMA,DEN,0.0
AMA,DFW,0.0
AMA,IAH,0.0
AMA,LAS,0.0
ANC,ADK,0.0
ANC,ADQ,0.0
ANC,AKN,0.0
ANC,ATL,0.0
ANC,BET,0.0
ANC,BRW,0.0
ANC,CDV,0.0
ANC,DEN,0.0
ANC,DFW,0.0
ANC,DLG,0.0
ANC,EWR,0.0
ANC,FAI,0.0
ANC,HNL,0.0
ANC,IAH,0.0
ANC,JNU,0.0
ANC,KOA,0.0
ANC,LAS,0.0
ANC,LAX,0.0
ANC,LGB,0.0
ANC,MSP,0.0
ANC,OGG,0.0
ANC,OME,0.0
ANC,ORD,0.0
ANC,OTZ,0.0
ANC,PDX,0.0
ANC,PHX,0.0
ANC,SCC,0.0
ANC,SEA,0.0
ANC,SFO,0.0
ANC,SLC,0.0
APN,DTW,0.0
ASE,ATL,0.0
ASE,DEN,0.0
ASE,DFW,1.0
ASE,IAH,0.0
ASE,LAX,0.0
ASE,MSP,0.0
ASE,ORD,0.0
ASE,SFO,0.0
ATL,ABE,0.0
ATL,ABQ,0.0
ATL,ABY,0.0
ATL,ACY,1.0
ATL,AEX,0.0
ATL,AGS,0.0
ATL,ALB,0.0
ATL,ANC,0.0
ATL,ASE,0.0
ATL,ATW,0.0
ATL,AUS,0.0
ATL,AVL,0.0
ATL,AVP,0.0
ATL,AZO,0.0
ATL,BDL,0.0
ATL,BHM,0.0
ATL,BMI,1.0
ATL,BNA,0.0
ATL,BOS,0.0
ATL,BQK,0.0
ATL,BTR,0.0
ATL,BTV,1.0
ATL,BUF,0.0
ATL,BWI,0.0
ATL,BZN,0.0
ATL,CAE,0.0
ATL,CAK,0.0
ATL,CHA,0.0
ATL,CHO,0.0
ATL,CHS,0.0
ATL,CID,0.0
ATL,CLE,0.0
ATL,CLT,0.0
ATL,CMH,0.0
ATL,COS,0.0
ATL,CRW,0.0
ATL,CSG,0.0
ATL,CVG,0.0
ATL,DAB,0.0
ATL,DAL,0.0
ATL,DAY,0.0
ATL,DCA,0.0
ATL,DEN,0.0
ATL,DFW,0.0
ATL,DHN,0.0
ATL,DSM,0.0
ATL,DTW,0.0
ATL,ECP,0.0
ATL,EGE,0.0
ATL,ELM,1.0
ATL,ELP,0.0
ATL,EVV,0.0
ATL,EWN,0.0
ATL,EWR,0.0
ATL,EYW,0.0
ATL,FAR,1.0
ATL,FAY,0.0
ATL,FCA,0.0
ATL,FLL,0.0
ATL,FNT,0.0
ATL,FSD,0.0
ATL,FSM,0.0
ATL,FWA,0.0
ATL,GNV,0.0
ATL,GPT,0.0
ATL,GRB,0.0
ATL,GRK,0.0
ATL,GRR,0.0
ATL,GSO,0.0
ATL,GSP,0.0
ATL,GTR,0.0
ATL,HDN,0.0
ATL,HNL,0.0
ATL,HOU,0.0
ATL,HPN,0.0
ATL,HSV,0.0
ATL,IAD,0.0
ATL,IAH,0.0
ATL,ICT,0.0
ATL,ILM,0.0
ATL,IND,0.0
ATL,JAC,0.0
ATL,JAN,0.0
ATL,JAX,0.0
ATL,JFK,0.0
ATL,LAN,0.0
ATL,LAS,0.0
ATL,LAX,0.0
ATL,LEX,0.0
ATL,LFT,0.0
ATL,LGA,0.0
ATL,LIT,0.0
ATL,LNK,0.0
ATL,MBS,0.0
ATL,MCI,0.0
ATL,MCO,0.0
ATL,MDT,0.0
ATL,MDW,0.0
ATL,MEM,0.0
ATL,MGM,0.0
ATL,MHT,0.0
ATL,MIA,0.0
ATL,MKE,0.0
ATL,MLB,0.0
ATL,MLI,1.0
ATL,MLU,0.0
ATL,MOB,0.0
ATL,MSN,0.0
ATL,MSO,0.0
ATL,MSP,0.0
ATL,MSY,0.0
ATL,MTJ,0.0
ATL,MYR,0.0
ATL,OAJ,0.0
ATL,OAK,0.0
ATL,OKC,0.0
ATL,OMA,0.0
ATL,ONT,0.0
ATL,ORD,0.0
ATL,ORF,0.0
ATL,PBI,0.0
ATL,PDX,0.0
ATL,PHF,0.0
ATL,PHL,0.0
ATL,PHX,0.0
ATL,PIA,0.0
ATL,PIT,0.0
ATL,PNS,0.0
ATL,PVD,0.0
ATL,PWM,0.0
ATL,RAP,1.0
ATL,RDU,0.0
ATL,RIC,0.0
ATL,ROA,0.0
ATL,ROC,0.0
ATL,RST,0.0
ATL,RSW,0.0
ATL,SAN,0.0
ATL,SAT,0.0
ATL,SAV,0.0
ATL,SBN,0.0
ATL,SCE,0.0
ATL,SDF,0.0
ATL,SEA,0.0
ATL,SFO,0.0
ATL,SGF,0.0
ATL,SHV,0.0
ATL,SJC,0.0
ATL,SJU,0.0
ATL,SLC,0.0
ATL,SMF,0.0
ATL,SNA,0.0
ATL,SRQ,0.0
ATL,STL,0.0
ATL,SYR,0.0
ATL,TLH,0.0
ATL,TPA,0.0
ATL,TRI,0.0
ATL,TTN,1.0
ATL,TUL,0.0
ATL,TUS,0.0
ATL,TVC,1.0
ATL,TYS,0.0
ATL,VLD,0.0
ATL,VPS,0.0
ATL,XNA,0.0
ATW,ATL,0.0
ATW,DTW,0.0
ATW,MSP,0.0
ATW,ORD,0.0
AUS,ATL,0.0
AUS,BNA,0.0
AUS,BOS,1.0
AUS,BWI,0.0
AUS,CLT,0.0
AUS,DAL,0.0
AUS,DCA,0.0
AUS,DEN,0.0
AUS,DFW,0.0
AUS,DTW,0.0
AUS,ELP,0.0
AUS,EWR,0.0
AUS,FLL,0.0
AUS,HOU,0.0
AUS,HRL,0.0
AUS,IAD,0.0
AUS,IAH,0.0
AUS,JFK,0.0
AUS,LAS,0.0
AUS,LAX,0.0
AUS,LBB,0.0
AUS,LGB,0.0
AUS,MCO,0.0
AUS,MDW,0.0
AUS,MEM,0.0
AUS,MIA,0.0
AUS,MSP,0.0
AUS,MSY,0.0
AUS,OAK,0.0
AUS,ORD,0.0
AUS,PDX,0.0
AUS,PHL,0.0
AUS,PHX,0.0
AUS,SAN,0.0
AUS,SEA,0.0
AUS,SFO,0.0
AUS,SJC,0.0
AUS,SLC,0.0
AUS,SNA,0.0
AUS,STL,0.0
AUS,TPA,0.0
AVL,ATL,0.0
AVL,EWR,0.0
AVL,ORD,0.0
AVP,ATL,0.0
AVP,DTW,0.0
AVP,EWR,0.0
AVP,ORD,0.0
AZO,ATL,0.0
AZO,DTW,0.0
AZO,MSP,0.0
AZO,ORD,0.0
BDL,ATL,0.0
BDL,BWI,0.0
BDL,CLE,1.0
BDL,CLT,0.0
BDL,CVG,0.0
BDL,DCA,0.0
BDL,DEN,0.0
BDL,DFW,0.0
BDL,DTW,0.0
BDL,EWR,0.0
BDL,FLL,0.0
BDL,IAD,0.0
BDL,IAH,1.0
BDL,LAS,0.0
BDL,MCO,0.0
BDL,MDW,0.0
BDL,MIA,0.0
BDL,MSP,0.0
BDL,ORD,0.0
BDL,PBI,1.0
BDL,PHL,0.0
BDL,RDU,0.0
BDL,RSW,0.0
BDL,SJU,0.0
BDL,TPA,0.0
BET,ANC,0.0
BFL,DEN,0.0
BFL,IAH,0.0
BFL,PHX,0.0
BFL,SFO,0.0
BGM,DTW,0.0
BGR,DTW,0.0
BGR,LGA,0.0
BHM,ATL,0.0
BHM,BWI,0.0
BHM,DAL,0.0
BHM,DEN,0.0
BHM,DFW,0.0
BHM,DTW,0.0
BHM,HOU,0.0
BHM,IAH,0.0
BHM,LAS,0.0
BHM,LGA,0.0
BHM,MCO,0.0
BHM,MDW,0.0
BHM,MIA,0.0
BHM,ORD,0.0
BHM,TPA,0.0
BIL,DEN,0.0
BIL,MSP,0.0
BIL,ORD,0.0
BIL,SEA,0.0
BIL,SLC,0.0
BIS,DEN,0.0
BIS,DFW,0.0
BIS,MSP,0.0
BIS,ORD,0.0
BJI,MSP,0.0
BLI,HNL,0.0
BLI,LAS,0.0
BLI,OGG,0.0
BLI,SEA,0.0
BMI,ATL,0.0
BMI,DEN,1.0
BMI,DFW,0.0
BMI,DTW,0.0
BMI,MCO,1.0
BMI,MSP,1.0
BMI,ORD,0.0
BNA,ATL,0.0
BNA,AUS,0.0
BNA,BOS,0.0
BNA,BWI,0.0
BNA,CHS,0.0
BNA,CLE,0.0
BNA,CLT,0.0
BNA,CMH,0.0
BNA,CVG,0.0
BNA,DAL,0.0
BNA,DCA,0.0
BNA,DEN,0.0
BNA,DFW,0.0
BNA,DTW,0.0
BNA,ECP,0.0
BNA,EWR,0.0
BNA,FLL,0.0
BNA,HOU,0.0
BNA,IAD,0.0
BNA,IAH,0.0
BNA,JAX,0.0
BNA,JFK,0.0
BNA,LAS,0.0
BNA,LAX,0.0
BNA,LGA,0.0
BNA,MCI,0.0
BNA,MCO,0.0
BNA,MDW,0.0
BNA,MIA,1.0
BNA,MOB,1.0
BNA,MSP,0.0
BNA,MSY,0.0
BNA,OAK,0.0
BNA,ORD,0.0
BNA,PHL,0.0
BNA,PHX,0.0
BNA,PIT,0.0
BNA,PNS,0.0
BNA,RDU,0.0
BNA,RSW,0.0
BNA,SAN,0.0
BNA,SAT,0.0
BNA,SEA,0.0
BNA,SLC,0.0
BNA,STL,0.0
BNA,TPA,0.0
BNA,TTN,0.0
BOI,DEN,0.0
BOI,EUG,0.0
BOI,GEG,0.0
BOI,IAH,0.0
BOI,LAS,0.0
BOI,LAX,0.0
BOI,MDW,0.0
BOI,MSP,0.0
BOI,OAK,0.0
BOI,ORD,0.0
BOI,PDX,1.0
BOI,PHX,0.0
BOI,SAN,0.0
BOI,SEA,0.0
BOI,SFO,0.0
BOI,SLC,0.0
BOS,ACK,0.0
BOS,ACY,0.0
BOS,ATL,0.0
BOS,AUS,0.0
BOS,BNA,0.0
BOS,BUF,0.0
BOS,BWI,0.0
BOS,CAK,0.0
BOS,CHS,0.0
BOS,CLE,0.0
BOS,CLT,0.0
BOS,CMH,0.0
BOS,CVG,0.0
BOS,DAL,0.0
BOS,DCA,0.0
BOS,DEN,0.0
BOS,DFW,0.0
BOS,DTW,0.0
BOS,EWR,0.0
BOS,FLL,0.0
BOS,HOU,0.0
BOS,IAD,0.0
BOS,IAH,0.0
BOS,IND,0.0
BOS,JAX,0.0
BOS,JFK,0.0
BOS,LAS,0.0
BOS,LAX,0.0
BOS,LGA,0.0
BOS,LGB,0.0
BOS,MCI,0.0
BOS,MCO,0.0
BOS,MDW,0.0
BOS,MIA,0.0
BOS,MKE,0.0
BOS,MSN,0.0
BOS,MSP,0.0
BOS,MSY,0.0
BOS,MVY,0.0
BOS,MYR,0.0
BOS,OAK,1.0
BOS,ORD,0.0
BOS,PBI,0.0
BOS,PDX,0.0
BOS,PHL,0.0
BOS,PHX,0.0
BOS,PIT,0.0
BOS,RDU,0.0
BOS,RIC,0.0
BOS,RSW,0.0
BOS,SAN,0.0
BOS,SAV,0.0
BOS,SEA,0.0
BOS,SFO,0.0
BOS,SJC,0.0
BOS,SJU,1.0
BOS,SLC,0.0
BOS,SMF,1.0
BOS,SRQ,0.0
BOS,STL,0.0
BOS,TPA,0.0
BPT,DFW,0.0
BQK,ATL,0.0
BQN,EWR,0.0
BQN,FLL,1.0
BQN,JFK,0.0
BQN,MCO,0.0
BRD,INL,0.0
BRD,MSP,0.0
BRO,DFW,0.0
BRO,IAH,0.0
BRW,ANC,0.0
BRW,FAI,0.0
BRW,SCC,0.0
BTM,SLC,0.0
BTR,ATL,1.0
BTR,DCA,1.0
BTR,DFW,0.0
BTR,IAH,0.0
BTV,ATL,0.0
BTV,DTW,0.0
BTV,EWR,0.0
BTV,IAD,1.0
BTV,JFK,0.0
BTV,LGA,0.0
BTV,ORD,0.0
BUF,ATL,0.0
BUF,BOS,0.0
BUF,BWI,0.0
BUF,CLT,0.0
BUF,DTW,0.0
BUF,EWR,0.0
BUF,FLL,0.0
BUF,IAD,0.0
BUF,JFK,0.0
BUF,LAS,0.0
BUF,LGA,0.0
BUF,MCO,0.0
BUF,MDW,0.0
BUF,MSP,0.0
BUF,ORD,0.0
BUF,PHX,0.0
BUF,RSW,0.0
BUF,TPA,0.0
BUR,DEN,0.0
BUR,JFK,0.0
BUR,LAS,0.0
BUR,OAK,0.0
BUR,PDX,0.0
BUR,PHX,0.0
BUR,SEA,0.0
BUR,SFO,0.0
BUR,SJC,0.0
BUR,SLC,0.0
BUR,SMF,0.0
BWI,ABQ,0.0
BWI,ALB,0.0
BWI,ATL,0.0
BWI,AUS,0.0
BWI,BDL,0.0
BWI,BHM,0.0
BWI,BNA,0.0
BWI,BOS,0.0
BWI,BUF,0.0
BWI,CHS,0.0
BWI,CLE,0.0
BWI,CLT,0.0
BWI,CMH,0.0
BWI,CVG,0.0
BWI,DAL,0.0
BWI,DAY,0.0
BWI,DEN,0.0
BWI,DFW,0.0
BWI,DTW,0.0
BWI,ECP,0.0
BWI,EWR,0.0
BWI,FLL,0.0
BWI,FNT,0.0
BWI,GRR,0.0
BWI,GSP,0.0
BWI,HOU,0.0
BWI,IAH,0.0
BWI,IND,0.0
BWI,ISP,0.0
BWI,JAX,0.0
BWI,JFK,1.0
BWI,LAS,0.0
BWI,LAX,0.0
BWI,LIT,0.0
BWI,MCI,0.0
BWI,MCO,0.0
BWI,MDW,0.0
BWI,MEM,0.0
BWI,MHT,0.0
BWI,MIA,0.0
BWI,MKE,0.0
BWI,MSP,0.0
BWI,MSY,0.0
BWI,MYR,1.0
BWI,OAK,0.0
BWI,OKC,0.0
BWI,ORD,0.0
BWI,ORF,1.0
BWI,PBI,1.0
BWI,PDX,1.0
BWI,PHL,0.0
BWI,PHX,0.0
BWI,PIT,0.0
BWI,PVD,0.0
BWI,PWM,0.0
BWI,RDU,0.0
BWI,ROC,1.0
BWI,RSW,0.0
BWI,SAN,0.0
BWI,SAT,0.0
BWI,SDF,0.0
BWI,SEA,0.0
BWI,SFO,0.0
BWI,SJU,0.0
BWI,SLC,0.0
BWI,STL,0.0
BWI,TPA,0.0
BZN,ATL,0.0
BZN,DEN,0.0
BZN,EWR,1.0
BZN,IAH,1.0
BZN,LAX,0.0
BZN,LGA,0.0
BZN,MSP,0.0
BZN,ORD,0.0
BZN,PDX,0.0
BZN,SEA,0.0
BZN,SFO,0.0
BZN,SLC,0.0
CAE,ATL,0.0
CAE,DFW,0.0
CAE,IAD,0.0
CAE,IAH,0.0
CAE,LGA,0.0
CAE,ORD,0.0
CAK,ATL,0.0
CAK,BOS,0.0
CAK,DCA,0.0
CAK,DEN,0.0
CAK,DTW,0.0
CAK,EWR,0.0
CAK,LAS,0.0
CAK,LGA,0.0
CAK,MCO,0.0
CAK,ORD,0.0
CAK,RSW,0.0
CAK,TPA,0.0
CDC,SLC,0.0
CDV,ANC,0.0
CDV,YAK,0.0
CEC,SFO,0.0
CHA,ATL,0.0
CHA,DFW,0.0
CHA,DTW,0.0
CHA,ORD,0.0
CHO,ATL,0.0
CHO,LGA,0.0
CHO,ORD,0.0
CHS,ATL,0.0
CHS,BNA,0.0
CHS,BOS,0.0
CHS,BWI,0.0
CHS,CLE,0.0
CHS,CLT,0.0
CHS,DAL,0.0
CHS,DCA,0.0
CHS,DFW,1.0
CHS,DTW,0.0
CHS,EWR,0.0
CHS,FLL,0.0
CHS,HOU,0.0
CHS,IAD,1.0
CHS,IAH,0.0
CHS,JFK,0.0
CHS,LGA,0.0
CHS,MDW,0.0
CHS,MIA,0.0
CHS,OKC,1.0
CHS,ORD,0.0
CHS,PHL,0.0
CHS,SEA,0.0
CID,ATL,0.0
CID,DEN,0.0
CID,DFW,0.0
CID,DTW,0.0
CID,LAX,1.0
CID,MSP,1.0
CID,ORD,0.0
CIU,DTW,0.0
CLD,LAX,0.0
CLE,ATL,0.0
CLE,BDL,1.0
CLE,BNA,0.0
CLE,BOS,0.0
CLE,BWI,0.0
CLE,CHS,0.0
CLE,CLT,0.0
CLE,DCA,0.0
CLE,DEN,0.0
CLE,DFW,0.0
CLE,DTW,0.0
CLE,EWR,0.0
CLE,FLL,0.0
CLE,IAD,0.0
CLE,IAH,0.0
CLE,JFK,0.0
CLE,LAS,0.0
CLE,LAX,0.0
CLE,LGA,0.0
CLE,MCO,0.0
CLE,MDW,0.0
CLE,MIA,0.0
CLE,MKE,0.0
CLE,MSP,0.0
CLE,MYR,0.0
CLE,ORD,0.0
CLE,PHL,1.0
CLE,PHX,0.0
CLE,RDU,0.0
CLE,RSW,0.0
CLE,SEA,1.0
CLE,SFO,0.0
CLE,SJU,0.0
CLE,STL,0.0
CLE,TPA,0.0
CLL,DFW,0.0
CLL,IAH,0.0
CLT,ABQ,0.0
CLT,ALB,0.0
CLT,ATL,0.0
CLT,AUS,0.0
CLT,BDL,0.0
CLT,BNA,0.0
CLT,BOS,0.0
CLT,BUF,0.0
CLT,BWI,0.0
CLT,CHS,0.0
CLT,CLE,0.0
CLT,CMH,0.0
CLT,CVG,1.0
CLT,DAB,1.0
CLT,DAL,0.0
CLT,DCA,0.0
CLT,DEN,0.0
CLT,DFW,0.0
CLT,DTW,0.0
CLT,EWR,0.0
CLT,FLL,0.0
CLT,GSO,0.0
CLT,HOU,0.0
CLT,IAD,1.0
CLT,IAH,0.0
CLT,ILM,0.0
CLT,IND,0.0
CLT,JAX,0.0
CLT,JFK,0.0
CLT,LAS,0.0
CLT,LAX,0.0
CLT,LGA,0.0
CLT,MCI,0.0
CLT,MCO,1.0
CLT,MDT,0.0
CLT,MDW,0.0
CLT,MEM,0.0
CLT,MIA,0.0
CLT,MSP,0.0
CLT,MSY,0.0
CLT,MYR,0.0
CLT,ORD,0.0
CLT,ORF,0.0
CLT,PBI,0.0
CLT,PDX,0.0
CLT,PHL,0.0
CLT,PHX,0.0
CLT,PIT,0.0
CLT,PVD,0.0
CLT,PWM,0.0
CLT,RDU,0.0
CLT,RIC,0.0
CLT,ROC,0.0
CLT,RSW,0.0
CLT,SAN,0.0
CLT,SAT,0.0
CLT,SDF,0.0
CLT,SEA,0.0
CLT,SFO,0.0
CLT,SGF,1.0
CLT,SJU,0.0
CLT,SLC,0.0
CLT,SMF,1.0
CLT,STL,0.0
CLT,SYR,0.0
CLT,TPA,0.0
CLT,TTN,1.0
CMH,ATL,0.0
CMH,BNA,0.0
CMH,BOS,0.0
CMH,BWI,0.0
CMH,CLT,0.0
CMH,DAL,0.0
CMH,DCA,0.0
CMH,DEN,0.0
CMH,DFW,0.0
CMH,DTW,0.0
CMH,EWR,0.0
CMH,FLL,0.0
CMH,IAD,0.0
CMH,IAH,0.0
CMH,JFK,0.0
CMH,LAS,0.0
CMH,LAX,0.0
CMH,LGA,0.0
CMH,MCO,0.0
CMH,MDW,0.0
CMH,MIA,0.0
CMH,MSP,0.0
CMH,OAK,0.0
CMH,ORD,0.0
CMH,PHX,0.0
CMH,RSW,0.0
CMH,STL,0.0
CMH,TPA,0.0
CMI,DFW,0.0
CMI,ORD,0.0
CMX,ORD,0.0
CNY,SLC,0.0
COD,DEN,0.0
COD,ORD,1.0
COD,SLC,1.0
COS,ATL,0.0
COS,DEN,0.0
COS,DFW,0.0
COS,IAH,0.0
COS,LAX,0.0
COS,ORD,0.0
COS,SEA,0.0
COS,SFO,0.0
COS,SLC,0.0
COU,DFW,0.0
COU,ORD,0.0
CPR,DEN,0.0
CPR,SLC,0.0
CRP,DFW,0.0
CRP,HOU,0.0
CRP,IAH,0.0
CRW,ATL,0.0
CRW,DFW,1.0
CRW,DTW,0.0
CRW,IAH,1.0
CRW,MYR,0.0
CRW,ORD,0.0
CSG,ATL,0.0
CVG,ATL,0.0
CVG,BDL,0.0
CVG,BNA,0.0
CVG,BOS,0.0
CVG,BWI,0.0
CVG,CLT,0.0
CVG,DCA,1.0
CVG,DEN,0.0
CVG,DFW,0.0
CVG,DTW,0.0
CVG,EWR,0.0
CVG,FLL,0.0
CVG,GRR,0.0
CVG,IAD,0.0
CVG,IAH,1.0
CVG,JFK,0.0
CVG,LAS,0.0
CVG,LAX,0.0
CVG,LGA,0.0
CVG,MCI,0.0
CVG,MCO,0.0
CVG,MEM,0.0
CVG,MIA,0.0
CVG,MKE,0.0
CVG,MSN,1.0
CVG,MSP,0.0
CVG,ORD,0.0
CVG,PHX,1.0
CVG,PIT,0.0
CVG,RDU,0.0
CVG,RIC,0.0
CVG,RSW,0.0
CVG,SAN,0.0
CVG,SEA,0.0
CVG,SFO,0.0
CVG,SLC,0.0
CVG,STL,0.0
CVG,TPA,0.0
CVG,TTN,0.0
CVG,XNA,0.0
CWA,MSP,0.0
CWA,ORD,0.0
DAB,ATL,0.0
DAB,CLT,1.0
DAL,ABQ,1.0
DAL,AMA,0.0
DAL,ATL,0.0
DAL,AUS,0.0
DAL,BHM,0.0
DAL,BNA,0.0
DAL,BOS,0.0
DAL,BWI,0.0
DAL,CHS,0.0
DAL,CLT,0.0
DAL,CMH,0.0
DAL,DCA,0.0
DAL,DEN,0.0
DAL,DTW,0.0
DAL,ECP,0.0
DAL,ELP,0.0
DAL,FLL,0.0
DAL,HOU,0.0
DAL,IAH,0.0
DAL,ICT,0.0
DAL,IND,1.0
DAL,LAS,0.0
DAL,LAX,1.0
DAL,LBB,0.0
DAL,LGA,1.0
DAL,LIT,0.0
DAL,MAF,0.0
DAL,MCI,1.0
DAL,MCO,0.0
DAL,MDW,0.0
DAL,MEM,0.0
DAL,MKE,0.0
DAL,MSY,0.0
DAL,OAK,0.0
DAL,OKC,0.0
DAL,OMA,0.0
DAL,PDX,0.0
DAL,PHL,0.0
DAL,PHX,0.0
DAL,PIT,0.0
DAL,RDU,0.0
DAL,SAN,0.0
DAL,SAT,0.0
DAL,SEA,1.0
DAL,SFO,1.0
DAL,SJC,1.0
DAL,SLC,0.0
DAL,SMF,1.0
DAL,SNA,0.0
DAL,STL,0.0
DAL,TPA,0.0
DAL,TUL,1.0
DAY,ATL,0.0
DAY,BWI,0.0
DAY,DEN,0.0
DAY,DFW,0.0
DAY,DTW,0.0
DAY,EWR,0.0
DAY,IAD,0.0
DAY,LGA,0.0
DAY,MCO,0.0
DAY,MSP,0.0
DAY,ORD,0.0
DAY,TPA,0.0
DBQ,ORD,0.0
DCA,ACK,0.0
DCA,ATL,0.0
DCA,AUS,0.0
DCA,BDL,0.0
DCA,BNA,0.0
DCA,BOS,0.0
DCA,BTR,1.0
DCA,CAK,0.0
DCA,CHS,0.0
DCA,CLE,0.0
DCA,CLT,0.0
DCA,CMH,0.0
DCA,CVG,1.0
DCA,DAL,0.0
DCA,DEN,0.0
DCA,DFW,0.0
DCA,DTW,0.0
DCA,EWR,0.0
DCA,FLL,0.0
DCA,GSP,0.0
DCA,HOU,0.0
DCA,HPN,0.0
DCA,HSV,0.0
DCA,IAH,0.0
DCA,IND,0.0
DCA,JAX,0.0
DCA,JFK,1.0
DCA,LAS,0.0
DCA,LAX,0.0
DCA,LEX,0.0
DCA,LGA,0.0
DCA,MCI,0.0
DCA,MCO,0.0
DCA,MDW,0.0
DCA,MIA,0.0
DCA,MKE,0.0
DCA,MSP,0.0
DCA,MSY,0.0
DCA,ORD,0.0
DCA,PBI,0.0
DCA,PDX,0.0
DCA,PHL,0.0
DCA,PHX,0.0
DCA,PIT,1.0
DCA,PNS,1.0
DCA,PVD,0.0
DCA,PWM,0.0
DCA,RDU,1.0
DCA,RSW,0.0
DCA,SDF,0.0
DCA,SEA,0.0
DCA,SFO,0.0
DCA,SJU,0.0
DCA,SLC,0.0
DCA,STL,0.0
DCA,SYR,1.0
DCA,TPA,0.0
DEN,ABQ,0.0
DEN,ALB,0.0
DEN,AMA,1.0
DEN,ANC,1.0
DEN,ASE,1.0
DEN,ATL,0.0
DEN,AUS,0.0
DEN,BDL,0.0
DEN,BFL,1.0
DEN,BHM,0.0
DEN,BIL,0.0
DEN,BIS,0.0
DEN,BMI,1.0
DEN,BNA,0.0
DEN,BOI,0.0
DEN,BOS,0.0
DEN,BUR,0.0
DEN,BWI,0.0
DEN,BZN,0.0
DEN,CAK,0.0
DEN,CID,0.0
DEN,CLE,0.0
DEN,CLT,0.0
DEN,CMH,0.0
DEN,COD,0.0
DEN,COS,0.0
DEN,CPR,0.0
DEN,CVG,1.0
DEN,DAL,0.0
DEN,DAY,1.0
DEN,DCA,0.0
DEN,DFW,0.0
DEN,DIK,0.0
DEN,DRO,0.0
DEN,DSM,0.0
DEN,DTW,0.0
DEN,EGE,1.0
DEN,ELP,0.0
DEN,EUG,0.0
DEN,EWR,0.0
DEN,FAR,0.0
DEN,FAT,0.0
DEN,FCA,0.0
DEN,FLL,0.0
DEN,FSD,0.0
DEN,GCC,0.0
DEN,GEG,0.0
DEN,GJT,0.0
DEN,GRR,0.0
DEN,GSO,0.0
DEN,GTF,0.0
DEN,GUC,0.0
DEN,HDN,1.0
DEN,HLN,1.0
DEN,HNL,1.0
DEN,HOU,0.0
DEN,HSV,1.0
DEN,HYS,0.0
DEN,IAD,0.0
DEN,IAH,0.0
DEN,ICT,0.0
DEN,IDA,0.0
DEN,IND,0.0
DEN,ISN,0.0
DEN,JAC,0.0
DEN,JAX,0.0
DEN,JFK,0.0
DEN,JMS,0.0
DEN,KOA,0.0
DEN,LAR,0.0
DEN,LAS,0.0
DEN,LAX,0.0
DEN,LBB,1.0
DEN,LFT,0.0
DEN,LGA,0.0
DEN,LIH,1.0
DEN,LIT,0.0
DEN,LNK,0.0
DEN,MAF,0.0
DEN,MCI,0.0
DEN,MCO,0.0
DEN,MDT,1.0
DEN,MDW,0.0
DEN,MEM,0.0
DEN,MFR,0.0
DEN,MIA,0.0
DEN,MKE,0.0
DEN,MLI,0.0
DEN,MMH,0.0
DEN,MOT,0.0
DEN,MSN,0.0
DEN,MSO,0.0
DEN,MSP,0.0
DEN,MSY,0.0
DEN,MTJ,0.0
DEN,OAK,0.0
DEN,OGG,1.0
DEN,OKC,0.0
DEN,OMA,0.0
DEN,ONT,0.0
DEN,ORD,0.0
DEN,OTH,0.0
DEN,PBI,0.0
DEN,PDX,0.0
DEN,PHF,0.0
DEN,PHL,0.0
DEN,PHX,0.0
DEN,PIA,1.0
DEN,PIT,0.0
DEN,PSC,1.0
DEN,PSP,0.0
DEN,PUB,0.0
DEN,RAP,0.0
DEN,RDM,0.0
DEN,RDU,0.0
DEN,RKS,0.0
DEN,RNO,0.0
DEN,RSW,0.0
DEN,SAF,0.0
DEN,SAN,0.0
DEN,SAT,0.0
DEN,SBA,0.0
DEN,SDF,0.0
DEN,SEA,0.0
DEN,SFO,0.0
DEN,SGF,0.0
DEN,SGU,0.0
DEN,SHV,1.0
DEN,SJC,0.0
DEN,SLC,0.0
DEN,SMF,0.0
DEN,SNA,0.0
DEN,STL,0.0
DEN,SUN,1.0
DEN,TPA,0.0
DEN,TUL,0.0
DEN,TUS,0.0
DEN,TYS,1.0
DEN,XNA,0.0
DFW,ABI,0.0
DFW,ABQ,0.0
DFW,ACT,0.0
DFW,AEX,0.0
DFW,AMA,0.0
DFW,ANC,0.0
DFW,ASE,1.0
DFW,ATL,0.0
DFW,AUS,0.0
DFW,BDL,0.0
DFW,BHM,0.0
DFW,BIS,0.0
DFW,BMI,0.0
DFW,BNA,0.0
DFW,BOS,0.0
DFW,BPT,1.0
DFW,BRO,0.0
DFW,BTR,0.0
DFW,BWI,0.0
DFW,CAE,1.0
DFW,CHA,1.0
DFW,CHS,1.0
DFW,CID,0.0
DFW,CLE,0.0
DFW,CLL,0.0
DFW,CLT,0.0
DFW,CMH,0.0
DFW,CMI,0.0
DFW,COS,0.0
DFW,COU,0.0
DFW,CRP,1.0
DFW,CRW,1.0
DFW,CVG,0.0
DFW,DAY,0.0
DFW,DCA,0.0
DFW,DEN,0.0
DFW,DRO,0.0
DFW,DSM,0.0
DFW,DTW,0.0
DFW,EGE,0.0
DFW,ELP,0.0
DFW,EVV,0.0
DFW,EWR,0.0
DFW,FAR,0.0
DFW,FAT,0.0
DFW,FLL,0.0
DFW,FSD,1.0
DFW,FSM,0.0
DFW,FWA,0.0
DFW,GCK,0.0
DFW,GGG,0.0
DFW,GJT,0.0
DFW,GPT,0.0
DFW,GRI,0.0
DFW,GRK,0.0
DFW,GRR,1.0
DFW,GSO,1.0
DFW,GSP,0.0
DFW,GUC,0.0
DFW,HDN,0.0
DFW,HNL,1.0
DFW,HOU,0.0
DFW,HSV,0.0
DFW,IAD,0.0
DFW,IAH,0.0
DFW,ICT,0.0
DFW,IND,0.0
DFW,JAC,0.0
DFW,JAN,1.0
DFW,JAX,0.0
DFW,JFK,0.0
DFW,JLN,0.0
DFW,LAS,0.0
DFW,LAW,0.0
DFW,LAX,0.0
DFW,LBB,0.0
DFW,LCH,0.0
DFW,LEX,0.0
DFW,LFT,0.0
DFW,LGA,0.0
DFW,LIT,1.0
DFW,LRD,0.0
DFW,MAF,0.0
DFW,MCI,0.0
DFW,MCO,0.0
DFW,MEI,0.0
DFW,MEM,0.0
DFW,MFE,0.0
DFW,MGM,0.0
DFW,MHK,0.0
DFW,MIA,0.0
DFW,MKE,0.0
DFW,MLI,0.0
DFW,MLU,0.0
DFW,MOB,1.0
DFW,MSN,0.0
DFW,MSP,0.0
DFW,MSY,0.0
DFW,MTJ,0.0
DFW,MYR,0.0
DFW,OAK,0.0
DFW,OGG,1.0
DFW,OKC,0.0
DFW,OMA,0.0
DFW,ONT,0.0
DFW,ORD,0.0
DFW,ORF,0.0
DFW,PBI,0.0
DFW,PDX,0.0
DFW,PHL,0.0
DFW,PHX,0.0
DFW,PIA,0.0
DFW,PIT,0.0
DFW,PNS,0.0
DFW,PSP,0.0
DFW,RAP,0.0
DFW,RDU,0.0
DFW,RIC,0.0
DFW,RNO,0.0
DFW,ROW,0.0
DFW,RSW,0.0
DFW,SAF,0.0
DFW,SAN,0.0
DFW,SAT,0.0
DFW,SAV,0.0
DFW,SDF,0.0
DFW,SEA,0.0
DFW,SFO,0.0
DFW,SGF,0.0
DFW,SHV,0.0
DFW,SJC,0.0
DFW,SJT,0.0
DFW,SJU,0.0
DFW,SLC,0.0
DFW,SMF,0.0
DFW,SNA,0.0
DFW,SPI,0.0
DFW,SPS,0.0
DFW,STL,0.0
DFW,TLH,0.0
DFW,TPA,0.0
DFW,TUL,0.0
DFW,TUS,0.0
DFW,TXK,0.0
DFW,TYR,0.0
DFW,TYS,1.0
DFW,VPS,0.0
DFW,XNA,1.0
DHN,ATL,0.0
DIK,DEN,0.0
DIK,MSP,0.0
DLG,ANC,0.0
DLH,MSP,0.0
DLH,ORD,1.0
DRO,DEN,0.0
DRO,DFW,0.0
DRO,PHX,0.0
DSM,ATL,0.0
DSM,DEN,0.0
DSM,DFW,0.0
DSM,DTW,0.0
DSM,EWR,0.0
DSM,IAH,0.0
DSM,LAS,0.0
DSM,LGA,0.0
DSM,MDW,0.0
DSM,MSP,0.0
DSM,ORD,0.0
DSM,PHX,1.0
DSM,SLC,0.0
DTW,ABE,0.0
DTW,ACY,0.0
DTW,ALB,0.0
DTW,APN,0.0
DTW,ATL,0.0
DTW,ATW,0.0
DTW,AUS,0.0
DTW,AVP,0.0
DTW,AZO,0.0
DTW,BDL,0.0
DTW,BGM,0.0
DTW,BGR,0.0
DTW,BHM,0.0
DTW,BMI,0.0
DTW,BNA,0.0
DTW,BOS,0.0
DTW,BTV,0.0
DTW,BUF,0.0
DTW,BWI,0.0
DTW,CAK,0.0
DTW,CHA,0.0
DTW,CHS,0.0
DTW,CID,0.0
DTW,CIU,0.0
DTW,CLE,0.0
DTW,CLT,0.0
DTW,CMH,0.0
DTW,CRW,0.0
DTW,CVG,0.0
DTW,DAL,0.0
DTW,DAY,0.0
DTW,DCA,0.0
DTW,DEN,0.0
DTW,DFW,0.0
DTW,DSM,0.0
DTW,ELM,0.0
DTW,ERI,0.0
DTW,ESC,0.0
DTW,EVV,0.0
DTW,EWR,0.0
DTW,FLL,0.0
DTW,FWA,0.0
DTW,GRB,0.0
DTW,GRR,0.0
DTW,GSO,0.0
DTW,GSP,0.0
DTW,HPN,0.0
DTW,HSV,0.0
DTW,IAD,0.0
DTW,IAH,0.0
DTW,IND,0.0
DTW,ITH,0.0
DTW,JAX,0.0
DTW,JFK,0.0
DTW,LAN,0.0
DTW,LAS,0.0
DTW,LAX,0.0
DTW,LEX,0.0
DTW,LGA,0.0
DTW,LIT,0.0
DTW,MBS,0.0
DTW,MCI,0.0
DTW,MCO,0.0
DTW,MDT,0.0
DTW,MDW,0.0
DTW,MEM,0.0
DTW,MHT,0.0
DTW,MIA,0.0
DTW,MKE,0.0
DTW,MLI,0.0
DTW,MQT,0.0
DTW,MSN,0.0
DTW,MSP,0.0
DTW,MSY,0.0
DTW,MYR,0.0
DTW,OKC,0.0
DTW,OMA,0.0
DTW,ORD,0.0
DTW,ORF,0.0
DTW,PBI,0.0
DTW,PDX,0.0
DTW,PHL,0.0
DTW,PHX,0.0
DTW,PIA,0.0
DTW,PIT,0.0
DTW,PLN,0.0
DTW,PVD,0.0
DTW,PWM,0.0
DTW,RDU,0.0
DTW,RIC,0.0
DTW,ROC,0.0
DTW,RST,1.0
DTW,RSW,0.0
DTW,SAN,0.0
DTW,SAT,0.0
DTW,SAV,0.0
DTW,SBN,0.0
DTW,SCE,0.0
DTW,SDF,0.0
DTW,SEA,0.0
DTW,SFO,0.0
DTW,SJU,1.0
DTW,SLC,0.0
DTW,SRQ,0.0
DTW,STL,0.0
DTW,SWF,1.0
DTW,SYR,0.0
DTW,TPA,0.0
DTW,TTN,0.0
DTW,TUL,0.0
DTW,TVC,0.0
DTW,TYS,0.0
DVL,DEN,0.0
DVL,JMS,0.0
EAU,ORD,0.0
ECP,ATL,0.0
ECP,BNA,0.0
ECP,BWI,0.0
ECP,DAL,0.0
ECP,HOU,0.0
ECP,IAH,0.0
ECP,STL,0.0
EGE,ATL,0.0
EGE,DEN,1.0
EGE,DFW,0.0
EGE,EWR,0.0
EGE,IAH,0.0
EGE,JFK,0.0
EGE,LAX,0.0
EGE,MIA,0.0
EGE,MSP,1.0
EGE,ORD,0.0
EGE,SLC,1.0
EKO,SLC,0.0
ELM,ATL,1.0
ELM,DTW,0.0
ELM,ORD,0.0
ELP,ATL,0.0
ELP,AUS,0.0
ELP,DAL,0.0
ELP,DEN,0.0
ELP,DFW,0.0
ELP,HOU,0.0
ELP,IAH,0.0
ELP,LAS,0.0
ELP,LAX,0.0
ELP,ORD,0.0
ELP,PHX,0.0
ELP,SAT,0.0
ERI,DTW,0.0
ERI,ORD,0.0
ESC,DTW,0.0
EUG,BOI,1.0
EUG,DEN,0.0
EUG,LAX,0.0
EUG,SFO,0.0
EUG,SLC,0.0
EVV,ATL,0.0
EVV,DFW,0.0
EVV,DTW,0.0
EVV,ORD,0.0
EWN,ATL,0.0
EWR,ALB,0.0
EWR,ANC,0.0
EWR,ATL,0.0
EWR,AUS,0.0
EWR,AVL,0.0
EWR,AVP,0.0
EWR,BDL,0.0
EWR,BNA,0.0
EWR,BOS,0.0
EWR,BQN,1.0
EWR,BTV,0.0
EWR,BUF,0.0
EWR,BWI,0.0
EWR,BZN,1.0
EWR,CAK,0.0
EWR,CHS,0.0
EWR,CLE,0.0
EWR,CLT,0.0
EWR,CMH,0.0
EWR,CVG,0.0
EWR,DAY,0.0
EWR,DCA,0.0
EWR,DEN,0.0
EWR,DFW,0.0
EWR,DSM,1.0
EWR,DTW,0.0
EWR,EGE,0.0
EWR,FLL,0.0
EWR,GRR,0.0
EWR,GSO,0.0
EWR,GSP,0.0
EWR,HDN,1.0
EWR,HNL,0.0
EWR,HOU,0.0
EWR,IAD,0.0
EWR,IAH,0.0
EWR,IND,0.0
EWR,JAC,1.0
EWR,JAX,0.0
EWR,LAS,0.0
EWR,LAX,0.0
EWR,MCI,0.0
EWR,MCO,0.0
EWR,MDW,0.0
EWR,MEM,0.0
EWR,MHT,0.0
EWR,MIA,0.0
EWR,MKE,0.0
EWR,MSN,0.0
EWR,MSP,0.0
EWR,MSY,0.0
EWR,MTJ,0.0
EWR,MYR,0.0
EWR,OKC,1.0
EWR,OMA,0.0
EWR,ORD,0.0
EWR,ORF,0.0
EWR,PBI,0.0
EWR,PDX,0.0
EWR,PHL,0.0
EWR,PHX,0.0
EWR,PIT,0.0
EWR,PVD,0.0
EWR,PWM,0.0
EWR,RDU,0.0
EWR,RIC,0.0
EWR,ROC,0.0
EWR,RSW,0.0
EWR,SAN,0.0
EWR,SAT,0.0
EWR,SAV,0.0
EWR,SBN,0.0
EWR,SDF,0.0
EWR,SEA,0.0
EWR,SFO,0.0
EWR,SJU,0.0
EWR,SLC,0.0
EWR,SNA,0.0
EWR,SRQ,1.0
EWR,STL,0.0
EWR,SYR,0.0
EWR,TPA,0.0
EWR,TUL,1.0
EWR,TVC,0.0
EWR,TYS,0.0
EWR,XNA,0.0
EYW,ATL,0.0
EYW,LGA,1.0
EYW,MIA,0.0
FAI,ANC,0.0
FAI,MSP,0.0
FAI,ORD,1.0
FAI,SEA,0.0
FAR,ATL,0.0
FAR,DEN,0.0
FAR,DFW,0.0
FAR,MSP,0.0
FAR,ORD,0.0
FAR,SLC,0.0
FAT,DEN,0.0
FAT,DFW,0.0
FAT,LAX,1.0
FAT,PDX,0.0
FAT,PHX,0.0
FAT,SAN,0.0
FAT,SEA,0.0
FAT,SFO,0.0
FAT,SLC,0.0
FAY,ATL,0.0
FCA,ATL,0.0
FCA,DEN,0.0
FCA,MSO,1.0
FCA,MSP,0.0
FCA,ORD,0.0
FCA,SLC,0.0
FLG,PHX,0.0
FLL,ACY,0.0
FLL,ALB,0.0
FLL,ATL,0.0
FLL,AUS,0.0
FLL,BDL,0.0
FLL,BNA,0.0
FLL,BOS,0.0
FLL,BQN,1.0
FLL,BUF,0.0
FLL,BWI,0.0
FLL,CHS,0.0
FLL,CLE,0.0
FLL,CLT,0.0
FLL,CMH,0.0
FLL,CVG,0.0
FLL,DAL,0.0
FLL,DCA,0.0
FLL,DEN,0.0
FLL,DFW,0.0
FLL,DTW,0.0
FLL,EWR,0.0
FLL,HOU,0.0
FLL,HPN,0.0
FLL,IAD,1.0
FLL,IAG,1.0
FLL,IAH,0.0
FLL,IND,0.0
FLL,ISP,0.0
FLL,JAX,0.0
FLL,JFK,0.0
FLL,LAS,0.0
FLL,LAX,0.0
FLL,LBE,0.0
FLL,LGA,0.0
FLL,MCI,0.0
FLL,MCO,0.0
FLL,MDW,0.0
FLL,MHT,0.0
FLL,MKE,0.0
FLL,MSP,0.0
FLL,MSY,0.0
FLL,MYR,0.0
FLL,ORD,0.0
FLL,ORH,0.0
FLL,PBG,1.0
FLL,PHL,0.0
FLL,PHX,0.0
FLL,PIT,0.0
FLL,PVD,0.0
FLL,RDU,0.0
FLL,RIC,1.0
FLL,SEA,0.0
FLL,SFO,0.0
FLL,SJU,0.0
FLL,STL,0.0
FLL,SWF,0.0
FLL,TPA,0.0
FLL,TTN,0.0
FNT,ATL,0.0
FNT,BWI,0.0
FNT,LAS,0.0
FNT,MCO,0.0
FNT,MSP,0.0
FNT,ORD,0.0
FNT,RSW,0.0
FNT,TPA,0.0
FSD,ATL,0.0
FSD,DEN,0.0
FSD,DFW,0.0
FSD,MSP,0.0
FSD,ORD,0.0
FSM,ATL,0.0
FSM,DFW,0.0
FWA,ATL,0.0
FWA,DFW,0.0
FWA,DTW,0.0
FWA,MSP,0.0
FWA,ORD,0.0
GCC,DEN,0.0
GCC,RKS,0.0
GCC,SLC,0.0
GCK,DFW,0.0
GEG,BOI,0.0
GEG,DEN,0.0
GEG,LAS,0.0
GEG,LAX,0.0
GEG,MDW,0.0
GEG,MSP,0.0
GEG,OAK,0.0
GEG,PHX,0.0
GEG,SEA,0.0
GEG,SLC,0.0
GFK,MSP,0.0
GGG,DFW,0.0
GJT,DEN,0.0
GJT,DFW,0.0
GJT,IAH,0.0
GJT,PHX,0.0
GJT,SLC,0.0
GNV,ATL,0.0
GNV,MIA,0.0
GPT,ATL,0.0
GPT,DFW,0.0
GPT,IAH,0.0
GRB,ATL,0.0
GRB,DTW,0.0
GRB,MSP,0.0
GRB,ORD,0.0
GRI,DFW,0.0
GRK,ATL,1.0
GRK,DFW,0.0
GRK,IAH,0.0
GRR,ATL,0.0
GRR,BWI,0.0
GRR,CVG,0.0
GRR,DEN,0.0
GRR,DFW,0.0
GRR,DTW,0.0
GRR,EWR,0.0
GRR,IAH,0.0
GRR,LGA,0.0
GRR,MCO,0.0
GRR,MSP,0.0
GRR,ORD,0.0
GRR,RSW,0.0
GRR,STL,0.0
GRR,TPA,0.0
GSO,ATL,0.0
GSO,CLT,0.0
GSO,DEN,0.0
GSO,DFW,0.0
GSO,DTW,0.0
GSO,EWR,0.0
GSO,IAD,0.0
GSO,LGA,0.0
GSO,MIA,0.0
GSO,ORD,0.0
GSP,ATL,0.0
GSP,BWI,1.0
GSP,DCA,0.0
GSP,DFW,0.0
GSP,DTW,0.0
GSP,EWR,0.0
GSP,HOU,0.0
GSP,IAD,0.0
GSP,IAH,0.0
GSP,LGA,0.0
GSP,MDW,0.0
GSP,MIA,1.0
GSP,ORD,0.0
GST,JNU,1.0
GTF,DEN,0.0
GTF,MSP,0.0
GTF,SLC,0.0
GTR,ATL,0.0
GUC,DEN,0.0
GUC,DFW,0.0
GUC,IAH,0.0
GUC,ORD,1.0
HDN,ATL,0.0
HDN,DEN,1.0
HDN,DFW,0.0
HDN,EWR,0.0
HDN,IAD,0.0
HDN,IAH,0.0
HDN,LAX,1.0
HDN,ORD,1.0
HDN,SEA,0.0
HDN,SFO,0.0
HIB,INL,0.0
HIB,MSP,0.0
HLN,DEN,0.0
HLN,MSP,0.0
HLN,SLC,0.0
HNL,ANC,0.0
HNL,ATL,0.0
HNL,BLI,0.0
HNL,DEN,0.0
HNL,DFW,0.0
HNL,EWR,0.0
HNL,IAD,0.0
HNL,IAH,0.0
HNL,ITO,0.0
HNL,JFK,1.0
HNL,KOA,0.0
HNL,LAS,0.0
HNL,LAX,0.0
HNL,LIH,0.0
HNL,MSP,0.0
HNL,OAK,0.0
HNL,OGG,0.0
HNL,ORD,0.0
HNL,PDX,0.0
HNL,PHX,0.0
HNL,SAN,0.0
HNL,SEA,0.0
HNL,SFO,0.0
HNL,SJC,0.0
HNL,SLC,0.0
HNL,SMF,1.0
HOB,IAH,0.0
HOU,ABQ,0.0
HOU,ATL,0.0
HOU,AUS,1.0
HOU,BHM,1.0
HOU,BNA,0.0
HOU,BOS,0.0
HOU,BWI,0.0
HOU,CHS,0.0
HOU,CLT,1.0
HOU,CRP,0.0
HOU,DAL,0.0
HOU,DCA,0.0
HOU,DEN,0.0
HOU,DFW,0.0
HOU,ECP,0.0
HOU,ELP,0.0
HOU,EWR,0.0
HOU,FLL,1.0
HOU,GSP,1.0
HOU,HRL,0.0
HOU,IND,0.0
HOU,JAX,1.0
HOU,JFK,0.0
HOU,LAS,0.0
HOU,LAX,0.0
HOU,LBB,1.0
HOU,LGA,0.0
HOU,MAF,0.0
HOU,MCI,0.0
HOU,MCO,1.0
HOU,MDW,0.0
HOU,MEM,1.0
HOU,MSY,0.0
HOU,OAK,0.0
HOU,OKC,0.0
HOU,PDX,0.0
HOU,PHX,0.0
HOU,PIT,0.0
HOU,PNS,1.0
HOU,RDU,1.0
HOU,RSW,1.0
HOU,SAN,0.0
HOU,SAT,1.0
HOU,SEA,0.0
HOU,SJU,1.0
HOU,SLC,1.0
HOU,SNA,0.0
HOU,STL,0.0
HOU,TPA,1.0
HOU,TUL,0.0
HOU,TUS,0.0
HPN,ATL,1.0
HPN,DCA,0.0
HPN,DTW,0.0
HPN,FLL,0.0
HPN,MCO,0.0
HPN,ORD,0.0
HPN,PBI,0.0
HPN,RSW,0.0
HPN,TPA,0.0
HRL,AUS,0.0
HRL,HOU,0.0
HRL,IAH,0.0
HSV,ATL,0.0
HSV,DCA,1.0
HSV,DEN,0.0
HSV,DFW,0.0
HSV,DTW,0.0
HSV,IAD,0.0
HSV,IAH,0.0
HSV,ORD,0.0
HYA,JFK,0.0
HYS,DEN,0.0
IAD,ATL,0.0
IAD,AUS,0.0
IAD,BDL,0.0
IAD,BNA,1.0
IAD,BOS,0.0
IAD,BTV,0.0
IAD,BUF,0.0
IAD,CAE,1.0
IAD,CHS,1.0
IAD,CLE,0.0
IAD,CLT,0.0
IAD,CMH,1.0
IAD,CVG,0.0
IAD,DAY,1.0
IAD,DEN,0.0
IAD,DFW,0.0
IAD,DTW,0.0
IAD,EWR,0.0
IAD,FLL,1.0
IAD,GRR,1.0
IAD,GSO,0.0
IAD,GSP,0.0
IAD,HDN,0.0
IAD,HNL,0.0
IAD,HSV,0.0
IAD,IAH,0.0
IAD,IND,1.0
IAD,JAC,0.0
IAD,JAX,1.0
IAD,JFK,0.0
IAD,LAS,0.0
IAD,LAX,0.0
IAD,LGA,0.0
IAD,MCI,1.0
IAD,MCO,0.0
IAD,MDW,0.0
IAD,MEM,0.0
IAD,MIA,0.0
IAD,MSN,0.0
IAD,MSP,0.0
IAD,MSY,0.0
IAD,OKC,1.0
IAD,ORD,0.0
IAD,ORF,0.0
IAD,PBI,0.0
IAD,PDX,0.0
IAD,PHX,0.0
IAD,PIT,0.0
IAD,PVD,1.0
IAD,RDU,0.0
IAD,RIC,0.0
IAD,ROA,0.0
IAD,ROC,0.0
IAD,RSW,0.0
IAD,SAN,0.0
IAD,SAT,0.0
IAD,SAV,1.0
IAD,SDF,1.0
IAD,SEA,0.0
IAD,SFO,0.0
IAD,SJU,0.0
IAD,SMF,0.0
IAD,STL,1.0
IAD,SYR,1.0
IAD,TPA,0.0
IAD,TTN,1.0
IAD,TUL,1.0
IAD,TYS,1.0
IAD,UST,0.0
IAG,FLL,0.0
IAG,MYR,1.0
IAH,ABQ,0.0
IAH,AEX,0.0
IAH,AGS,1.0
IAH,AMA,0.0
IAH,ANC,1.0
IAH,ASE,0.0
IAH,ATL,0.0
IAH,AUS,0.0
IAH,BDL,0.0
IAH,BFL,0.0
IAH,BHM,0.0
IAH,BNA,0.0
IAH,BOI,0.0
IAH,BOS,0.0
IAH,BRO,0.0
IAH,BTR,0.0
IAH,BWI,0.0
IAH,BZN,1.0
IAH,CAE,0.0
IAH,CHS,1.0
IAH,CLE,0.0
IAH,CLL,0.0
IAH,CLT,0.0
IAH,CMH,0.0
IAH,COS,0.0
IAH,CRP,0.0
IAH,CRW,0.0
IAH,CVG,0.0
IAH,DAL,0.0
IAH,DCA,0.0
IAH,DEN,0.0
IAH,DFW,0.0
IAH,DSM,0.0
IAH,DTW,0.0
IAH,ECP,0.0
IAH,EGE,0.0
IAH,ELP,0.0
IAH,EWR,0.0
IAH,FLL,0.0
IAH,GJT,0.0
IAH,GPT,0.0
IAH,GRK,0.0
IAH,GRR,1.0
IAH,GSP,0.0
IAH,GUC,1.0
IAH,HDN,0.0
IAH,HNL,1.0
IAH,HOB,0.0
IAH,HRL,0.0
IAH,HSV,0.0
IAH,IAD,0.0
IAH,ICT,0.0
IAH,IND,0.0
IAH,ISN,0.0
IAH,JAC,0.0
IAH,JAN,0.0
IAH,JAX,1.0
IAH,LAS,0.0
IAH,LAX,1.0
IAH,LBB,0.0
IAH,LCH,0.0
IAH,LEX,0.0
IAH,LFT,0.0
IAH,LGA,0.0
IAH,LIT,0.0
IAH,LRD,0.0
IAH,MAF,0.0
IAH,MCI,0.0
IAH,MCO,0.0
IAH,MEM,0.0
IAH,MFE,0.0
IAH,MIA,0.0
IAH,MKE,0.0
IAH,MLU,0.0
IAH,MOB,0.0
IAH,MSN,1.0
IAH,MSP,0.0
IAH,MSY,0.0
IAH,MTJ,0.0
IAH,OAK,1.0
IAH,OKC,0.0
IAH,OMA,0.0
IAH,ONT,1.0
IAH,ORD,0.0
IAH,ORF,1.0
IAH,PBI,1.0
IAH,PDX,0.0
IAH,PHL,0.0
IAH,PHX,0.0
IAH,PIA,0.0
IAH,PIT,0.0
IAH,PNS,0.0
IAH,PSP,0.0
IAH,RAP,0.0
IAH,RDU,0.0
IAH,RIC,1.0
IAH,RNO,0.0
IAH,RSW,0.0
IAH,SAN,0.0
IAH,SAT,0.0
IAH,SAV,0.0
IAH,SDF,0.0
IAH,SEA,0.0
IAH,SFO,0.0
IAH,SHV,0.0
IAH,SJC,0.0
IAH,SJU,0.0
IAH,SLC,0.0
IAH,SMF,0.0
IAH,SNA,0.0
IAH,STL,0.0
IAH,TPA,0.0
IAH,TUL,0.0
IAH,TUS,0.0
IAH,TYR,0.0
IAH,TYS,0.0
IAH,VPS,0.0
IAH,XNA,0.0
ICT,ATL,0.0
ICT,DAL,0.0
ICT,DEN,0.0
ICT,DFW,0.0
ICT,IAH,0.0
ICT,LAS,0.0
ICT,LAX,0.0
ICT,MDW,0.0
ICT,MSP,0.0
ICT,ORD,0.0
IDA,DEN,0.0
IDA,MSP,0.0
IDA,SLC,0.0
ILG,MCO,1.0
ILG,TPA,1.0
ILM,ATL,0.0
ILM,CLT,0.0
ILM,LGA,0.0
IMT,MSP,0.0
IMT,RHI,0.0
IND,ATL,0.0
IND,BOS,0.0
IND,BWI,0.0
IND,CLT,0.0
IND,DAL,0.0
IND,DCA,0.0
IND,DEN,0.0
IND,DFW,0.0
IND,DTW,0.0
IND,EWR,0.0
IND,FLL,0.0
IND,HOU,0.0
IND,IAD,0.0
IND,IAH,0.0
IND,JFK,0.0
IND,LAS,0.0
IND,LAX,0.0
IND,LGA,0.0
IND,MCI,0.0
IND,MCO,0.0
IND,MSP,0.0
IND,ORD,0.0
IND,PHL,0.0
IND,PHX,0.0
IND,RDU,0.0
IND,RSW,0.0
IND,SFO,0.0
IND,SLC,0.0
IND,TPA,0.0
IND,TTN,0.0
INL,BRD,0.0
INL,HIB,0.0
INL,MSP,0.0
ISN,DEN,0.0
ISN,IAH,0.0
ISN,MSP,0.0
ISP,BWI,0.0
ISP,FLL,0.0
ISP,MCO,0.0
ISP,PBI,0.0
ISP,RSW,0.0
ISP,TPA,0.0
ITH,DTW,0.0
ITO,HNL,0.0
ITO,LAX,0.0
ITO,OGG,0.0
JAC,ATL,0.0
JAC,DEN,0.0
JAC,DFW,0.0
JAC,EWR,1.0
JAC,IAD,0.0
JAC,IAH,0.0
JAC,JFK,1.0
JAC,LAX,1.0
JAC,MSP,0.0
JAC,ORD,0.0
JAC,SEA,0.0
JAC,SFO,0.0
JAC,SLC,0.0
JAN,ATL,0.0
JAN,DFW,0.0
JAN,IAH,0.0
JAN,ORD,0.0
JAX,ATL,0.0
JAX,BNA,0.0
JAX,BOS,0.0
JAX,BWI,0.0
JAX,CLT,0.0
JAX,DCA,0.0
JAX,DEN,0.0
JAX,DFW,0.0
JAX,DTW,0.0
JAX,EWR,0.0
JAX,FLL,0.0
JAX,HOU,0.0
JAX,IAD,0.0
JAX,IAH,0.0
JAX,JFK,0.0
JAX,LAS,0.0
JAX,LGA,1.0
JAX,MDW,0.0
JAX,MIA,0.0
JAX,MSP,0.0
JAX,ORD,0.0
JAX,PHL,0.0
JFK,ABQ,0.0
JFK,ACK,0.0
JFK,ATL,0.0
JFK,AUS,0.0
JFK,BNA,0.0
JFK,BOS,0.0
JFK,BQN,1.0
JFK,BTV,0.0
JFK,BUF,0.0
JFK,BUR,0.0
JFK,BWI,0.0
JFK,CHS,0.0
JFK,CLE,0.0
JFK,CLT,0.0
JFK,CMH,0.0
JFK,CVG,0.0
JFK,DCA,0.0
JFK,DEN,0.0
JFK,DFW,0.0
JFK,DTW,0.0
JFK,EGE,0.0
JFK,FLL,0.0
JFK,HNL,1.0
JFK,HOU,0.0
JFK,HYA,0.0
JFK,IAD,0.0
JFK,IND,0.0
JFK,JAC,0.0
JFK,JAX,0.0
JFK,LAS,0.0
JFK,LAX,0.0
JFK,LGB,0.0
JFK,MCO,0.0
JFK,MIA,0.0
JFK,MSP,0.0
JFK,MSY,0.0
JFK,MVY,0.0
JFK,OAK,0.0
JFK,ORD,0.0
JFK,ORF,0.0
JFK,PBI,0.0
JFK,PDX,0.0
JFK,PHX,0.0
JFK,PIT,0.0
JFK,PSE,1.0
JFK,PSP,0.0
JFK,PWM,0.0
JFK,RDU,0.0
JFK,RNO,0.0
JFK,ROC,0.0
JFK,RSW,0.0
JFK,SAN,0.0
JFK,SAT,0.0
JFK,SAV,0.0
JFK,SEA,0.0
JFK,SFO,0.0
JFK,SJC,0.0
JFK,SJU,0.0
JFK,SLC,0.0
JFK,SMF,0.0
JFK,SRQ,0.0
JFK,SYR,0.0
JFK,TPA,0.0
JLN,DFW,0.0
JMS,DEN,0.0
JMS,DVL,0.0
JNU,ANC,0.0
JNU,GST,1.0
JNU,KTN,0.0
JNU,PSG,1.0
JNU,SEA,0.0
JNU,SIT,0.0
JNU,YAK,0.0
KOA,ANC,0.0
KOA,DEN,0.0
KOA,HNL,0.0
KOA,LAX,0.0
KOA,OAK,0.0
KOA,OGG,0.0
KOA,PDX,0.0
KOA,PHX,0.0
KOA,SAN,0.0
KOA,SEA,0.0
KOA,SFO,0.0
KOA,SJC,0.0
KTN,JNU,0.0
KTN,SEA,0.0
KTN,SIT,0.0
KTN,WRG,0.0
LAN,ATL,1.0
LAN,DTW,0.0
LAN,MSP,0.0
LAN,ORD,0.0
LAR,DEN,0.0
LAS,ABQ,0.0
LAS,ALB,0.0
LAS,AMA,0.0
LAS,ANC,0.0
LAS,ATL,0.0
LAS,AUS,0.0
LAS,BDL,0.0
LAS,BHM,0.0
LAS,BLI,0.0
LAS,BNA,0.0
LAS,BOI,0.0
LAS,BOS,0.0
LAS,BUF,0.0
LAS,BUR,0.0
LAS,BWI,0.0
LAS,CAK,0.0
LAS,CLE,0.0
LAS,CLT,0.0
LAS,CMH,0.0
LAS,CVG,0.0
LAS,DAL,0.0
LAS,DCA,0.0
LAS,DEN,0.0
LAS,DFW,0.0
LAS,DSM,0.0
LAS,DTW,0.0
LAS,ELP,0.0
LAS,EWR,0.0
LAS,FLL,1.0
LAS,FNT,0.0
LAS,GEG,0.0
LAS,HNL,1.0
LAS,HOU,0.0
LAS,IAD,0.0
LAS,IAH,0.0
LAS,ICT,0.0
LAS,IND,0.0
LAS,JAX,0.0
LAS,JFK,0.0
LAS,LAX,1.0
LAS,LBB,1.0
LAS,LBE,0.0
LAS,LGB,0.0
LAS,LIT,0.0
LAS,MAF,0.0
LAS,MCI,0.0
LAS,MCO,0.0
LAS,MDW,0.0
LAS,MEM,0.0
LAS,MHT,0.0
LAS,MIA,0.0
LAS,MKE,0.0
LAS,MSP,0.0
LAS,MSY,0.0
LAS,OAK,0.0
LAS,OKC,0.0
LAS,OMA,0.0
LAS,ONT,1.0
LAS,ORD,0.0
LAS,PDX,0.0
LAS,PHL,0.0
LAS,PHX,0.0
LAS,PIT,0.0
LAS,RDU,0.0
LAS,RNO,0.0
LAS,SAN,1.0
LAS,SAT,0.0
LAS,SDF,0.0
LAS,SEA,0.0
LAS,SFO,0.0
LAS,SJC,0.0
LAS,SLC,0.0
LAS,SMF,0.0
LAS,SNA,0.0
LAS,STL,0.0
LAS,TPA,0.0
LAS,TUL,0.0
LAS,TUS,0.0
LAW,DFW,0.0
LAX,ABQ,1.0
LAX,ANC,0.0
LAX,ASE,1.0
LAX,ATL,0.0
LAX,AUS,0.0
LAX,BNA,0.0
LAX,BOI,0.0
LAX,BOS,0.0
LAX,BWI,0.0
LAX,BZN,1.0
LAX,CLD,0.0
LAX,CLE,0.0
LAX,CLT,0.0
LAX,CMH,0.0
LAX,COS,0.0
LAX,CVG,0.0
LAX,DAL,0.0
LAX,DCA,0.0
LAX,DEN,0.0
LAX,DFW,0.0
LAX,DTW,0.0
LAX,EGE,0.0
LAX,ELP,1.0
LAX,EUG,0.0
LAX,EWR,0.0
LAX,FAT,0.0
LAX,FLL,1.0
LAX,GEG,0.0
LAX,HDN,1.0
LAX,HNL,0.0
LAX,HOU,1.0
LAX,IAD,0.0
LAX,IAH,0.0
LAX,ICT,1.0
LAX,IND,0.0
LAX,ITO,0.0
LAX,JAC,0.0
LAX,JFK,0.0
LAX,KOA,0.0
LAX,LAS,0.0
LAX,LIH,0.0
LAX,MCI,0.0
LAX,MCO,0.0
LAX,MDW,0.0
LAX,MEM,0.0
LAX,MIA,0.0
LAX,MKE,0.0
LAX,MRY,0.0
LAX,MSN,1.0
LAX,MSP,0.0
LAX,MSY,0.0
LAX,MTJ,1.0
LAX,OAK,0.0
LAX,OGG,0.0
LAX,OKC,0.0
LAX,OMA,0.0
LAX,ORD,0.0
LAX,PBI,1.0
LAX,PDX,0.0
LAX,PHL,0.0
LAX,PHX,0.0
LAX,PIT,0.0
LAX,PSP,0.0
LAX,RDM,0.0
LAX,RDU,0.0
LAX,RNO,0.0
LAX,SAF,0.0
LAX,SAN,0.0
LAX,SAT,0.0
LAX,SBA,0.0
LAX,SBP,0.0
LAX,SEA,0.0
LAX,SFO,0.0
LAX,SJC,0.0
LAX,SLC,0.0
LAX,SMF,0.0
LAX,SMX,0.0
LAX,STL,0.0
LAX,TPA,0.0
LAX,TUS,0.0
LBB,AUS,0.0
LBB,DAL,0.0
LBB,DEN,0.0
LBB,DFW,0.0
LBB,HOU,1.0
LBB,IAH,0.0
LBB,LAS,0.0
LBE,FLL,0.0
LBE,LAS,0.0
LBE,MCO,1.0
LBE,MYR,0.0
LBE,ORD,1.0
LBE,RSW,0.0
LBE,TPA,0.0
LCH,DFW,0.0
LCH,IAH,0.0
LEX,ATL,0.0
LEX,DCA,0.0
LEX,DFW,0.0
LEX,DTW,0.0
LEX,IAH,0.0
LEX,LGA,0.0
LEX,MSP,1.0
LEX,ORD,0.0
LFT,ATL,0.0
LFT,DEN,0.0
LFT,DFW,0.0
LFT,IAH,0.0
LGA,AGS,0.0
LGA,ATL,0.0
LGA,BGR,0.0
LGA,BHM,1.0
LGA,BNA,0.0
LGA,BOS,0.0
LGA,BTV,0.0
LGA,BUF,0.0
LGA,BZN,0.0
LGA,CAE,0.0
LGA,CAK,0.0
LGA,CHO,0.0
LGA,CHS,0.0
LGA,CLE,0.0
LGA,CLT,0.0
LGA,CMH,0.0
LGA,CVG,0.0
LGA,DAL,0.0
LGA,DAY,1.0
LGA,DCA,0.0
LGA,DEN,0.0
LGA,DFW,0.0
LGA,DSM,1.0
LGA,DTW,0.0
LGA,EYW,1.0
LGA,FLL,0.0
LGA,GRR,0.0
LGA,GSO,0.0
LGA,GSP,0.0
LGA,HOU,0.0
LGA,IAD,1.0
LGA,IAH,0.0
LGA,ILM,1.0
LGA,IND,0.0
LGA,JAX,0.0
LGA,LEX,0.0
LGA,LIT,1.0
LGA,MCI,0.0
LGA,MCO,0.0
LGA,MDW,0.0
LGA,MEM,0.0
LGA,MHT,1.0
LGA,MIA,0.0
LGA,MKE,0.0
LGA,MSN,0.0
LGA,MSP,0.0
LGA,MSY,0.0
LGA,MTJ,0.0
LGA,MYR,1.0
LGA,OMA,1.0
LGA,ORD,0.0
LGA,ORF,0.0
LGA,PBI,0.0
LGA,PHL,0.0
LGA,PIT,0.0
LGA,PWM,0.0
LGA,RDU,0.0
LGA,RIC,0.0
LGA,ROC,0.0
LGA,RSW,0.0
LGA,SAV,0.0
LGA,SDF,1.0
LGA,SRQ,0.0
LGA,STL,0.0
LGA,SYR,0.0
LGA,TPA,0.0
LGA,TVC,0.0
LGA,TYS,1.0
LGA,XNA,0.0
LGB,ANC,1.0
LGB,AUS,0.0
LGB,BOS,0.0
LGB,JFK,0.0
LGB,LAS,0.0
LGB,OAK,0.0
LGB,PDX,0.0
LGB,PHX,1.0
LGB,SEA,0.0
LGB,SFO,0.0
LGB,SLC,0.0
LGB,SMF,0.0
LIH,DEN,0.0
LIH,HNL,0.0
LIH,LAX,0.0
LIH,OAK,0.0
LIH,OGG,0.0
LIH,PDX,0.0
LIH,PHX,0.0
LIH,SAN,0.0
LIH,SEA,0.0
LIH,SFO,0.0
LIH,SJC,0.0
LIT,ATL,0.0
LIT,BWI,0.0
LIT,DAL,0.0
LIT,DEN,0.0
LIT,DFW,0.0
LIT,DTW,0.0
LIT,IAH,0.0
LIT,LAS,0.0
LIT,LGA,1.0
LIT,MDW,0.0
LIT,ORD,0.0
LIT,PHX,0.0
LNK,ATL,0.0
LNK,DEN,0.0
LNK,MSP,0.0
LNK,ORD,0.0
LRD,DFW,0.0
LRD,IAH,0.0
LSE,MSP,0.0
LSE,ORD,0.0
LWS,SLC,0.0
MAF,DAL,0.0
MAF,DEN,0.0
MAF,DFW,0.0
MAF,HOU,0.0
MAF,IAH,0.0
MAF,LAS,0.0
MBS,ATL,1.0
MBS,DTW,0.0
MBS,MSP,0.0
MBS,ORD,0.0
MCI,ABQ,0.0
MCI,ATL,0.0
MCI,BNA,0.0
MCI,BOS,0.0
MCI,BWI,0.0
MCI,CLT,0.0
MCI,CVG,0.0
MCI,DAL,0.0
MCI,DCA,0.0
MCI,DEN,0.0
MCI,DFW,0.0
MCI,DLH,1.0
MCI,DTW,0.0
MCI,EWR,0.0
MCI,FLL,0.0
MCI,HOU,0.0
MCI,IAD,0.0
MCI,IAH,0.0
MCI,IND,0.0
MCI,LAS,0.0
MCI,LAX,0.0
MCI,LGA,0.0
MCI,LNK,1.0
MCI,MCO,0.0
MCI,MDW,0.0
MCI,MIA,0.0
MCI,MKE,0.0
MCI,MSP,0.0
MCI,MSY,0.0
MCI,OAK,0.0
MCI,ORD,0.0
MCI,PDX,0.0
MCI,PHX,0.0
MCI,RSW,0.0
MCI,SAN,0.0
MCI,SEA,0.0
MCI,SFO,0.0
MCI,SLC,0.0
MCI,SNA,0.0
MCI,STL,0.0
MCI,TPA,0.0
MCO,ABQ,0.0
MCO,ACY,0.0
MCO,ALB,0.0
MCO,ATL,0.0
MCO,AUS,0.0
MCO,BDL,0.0
MCO,BHM,0.0
MCO,BMI,1.0
MCO,BNA,0.0
MCO,BOS,0.0
MCO,BQN,0.0
MCO,BUF,0.0
MCO,BWI,0.0
MCO,CAK,0.0
MCO,CLE,0.0
MCO,CLT,0.0
MCO,CMH,0.0
MCO,CVG,0.0
MCO,DAL,0.0
MCO,DAY,0.0
MCO,DCA,0.0
MCO,DEN,0.0
MCO,DFW,0.0
MCO,DTW,0.0
MCO,EWR,0.0
MCO,FLL,0.0
MCO,FNT,0.0
MCO,GRR,0.0
MCO,HOU,0.0
MCO,HPN,0.0
MCO,IAD,0.0
MCO,IAH,0.0
MCO,ILG,1.0
MCO,IND,0.0
MCO,ISP,0.0
MCO,JFK,0.0
MCO,LAS,0.0
MCO,LAX,0.0
MCO,LBE,1.0
MCO,LGA,0.0
MCO,MCI,0.0
MCO,MDT,0.0
MCO,MDW,0.0
MCO,MEM,0.0
MCO,MHT,0.0
MCO,MIA,0.0
MCO,MKE,0.0
MCO,MSN,0.0
MCO,MSP,0.0
MCO,MSY,0.0
MCO,OMA,0.0
MCO,ORD,0.0
MCO,ORF,0.0
MCO,ORH,0.0
MCO,PHL,0.0
MCO,PHX,0.0
MCO,PIT,0.0
MCO,PSE,0.0
MCO,PVD,0.0
MCO,PWM,0.0
MCO,RDU,0.0
MCO,RIC,0.0
MCO,ROC,0.0
MCO,SAN,0.0
MCO,SAT,0.0
MCO,SDF,0.0
MCO,SEA,0.0
MCO,SFO,0.0
MCO,SJU,0.0
MCO,SLC,0.0
MCO,STL,0.0
MCO,SWF,0.0
MCO,SYR,0.0
MCO,TTN,0.0
MDT,ATL,0.0
MDT,CLT,0.0
MDT,DEN,1.0
MDT,DTW,0.0
MDT,MCO,0.0
MDT,ORD,0.0
MDW,ABQ,0.0
MDW,ALB,0.0
MDW,ATL,0.0
MDW,AUS,0.0
MDW,BDL,0.0
MDW,BHM,0.0
MDW,BNA,0.0
MDW,BOI,1.0
MDW,BOS,0.0
MDW,BUF,0.0
MDW,BWI,0.0
MDW,CHS,0.0
MDW,CLE,0.0
MDW,CLT,0.0
MDW,CMH,0.0
MDW,DAL,0.0
MDW,DCA,0.0
MDW,DEN,0.0
MDW,DSM,0.0
MDW,DTW,0.0
MDW,EWR,0.0
MDW,FLL,0.0
MDW,GEG,1.0
MDW,GSP,0.0
MDW,HOU,0.0
MDW,IAD,0.0
MDW,ICT,0.0
MDW,JAX,0.0
MDW,LAS,0.0
MDW,LAX,0.0
MDW,LGA,0.0
MDW,LIT,0.0
MDW,MCI,0.0
MDW,MCO,0.0
MDW,MEM,0.0
MDW,MHT,0.0
MDW,MSP,0.0
MDW,MSY,0.0
MDW,OAK,0.0
MDW,OKC,0.0
MDW,OMA,0.0
MDW,ONT,0.0
MDW,ORF,0.0
MDW,PBI,0.0
MDW,PDX,0.0
MDW,PHL,0.0
MDW,PHX,0.0
MDW,PIT,0.0
MDW,PNS,0.0
MDW,PVD,0.0
MDW,PWM,0.0
MDW,RDU,0.0
MDW,RNO,0.0
MDW,ROC,1.0
MDW,RSW,0.0
MDW,SAN,0.0
MDW,SAT,0.0
MDW,SDF,0.0
MDW,SEA,0.0
MDW,SFO,0.0
MDW,SJC,0.0
MDW,SLC,0.0
MDW,SMF,0.0
MDW,SNA,0.0
MDW,STL,0.0
MDW,TPA,0.0
MDW,TTN,1.0
MDW,TUL,0.0
MDW,TUS,0.0
MEI,DFW,0.0
MEI,PIB,0.0
MEM,ATL,0.0
MEM,AUS,0.0
MEM,BWI,0.0
MEM,CLT,0.0
MEM,CVG,0.0
MEM,DAL,0.0
MEM,DEN,0.0
MEM,DFW,0.0
MEM,DTW,0.0
MEM,EWR,0.0
MEM,HOU,0.0
MEM,IAD,0.0
MEM,IAH,0.0
MEM,LAS,0.0
MEM,LAX,0.0
MEM,LGA,0.0
MEM,MCO,0.0
MEM,MDW,0.0
MEM,MIA,0.0
MEM,MSP,0.0
MEM,ORD,0.0
MEM,SLC,0.0
MEM,TPA,0.0
MFE,DFW,0.0
MFE,IAH,0.0
MFR,DEN,0.0
MFR,SFO,0.0
MFR,SLC,0.0
MGM,ATL,0.0
MGM,DFW,0.0
MHK,DFW,0.0
MHK,ORD,0.0
MHT,ATL,0.0
MHT,BWI,0.0
MHT,DTW,0.0
MHT,EWR,0.0
MHT,FLL,1.0
MHT,LAS,0.0
MHT,LGA,0.0
MHT,MCO,0.0
MHT,MDW,0.0
MHT,ORD,0.0
MHT,PHX,1.0
MHT,TPA,0.0
MIA,ATL,0.0
MIA,AUS,0.0
MIA,BDL,0.0
MIA,BHM,0.0
MIA,BNA,0.0
MIA,BOS,0.0
MIA,BWI,0.0
MIA,CHS,0.0
MIA,CLE,0.0
MIA,CLT,0.0
MIA,CMH,0.0
MIA,CVG,0.0
MIA,DCA,0.0
MIA,DEN,0.0
MIA,DFW,0.0
MIA,DTW,0.0
MIA,EGE,0.0
MIA,EWR,0.0
MIA,EYW,0.0
MIA,GNV,0.0
MIA,GSO,0.0
MIA,GSP,0.0
MIA,IAD,0.0
MIA,IAH,0.0
MIA,JAX,0.0
MIA,JFK,0.0
MIA,LAS,0.0
MIA,LAX,0.0
MIA,LGA,0.0
MIA,MCI,1.0
MIA,MCO,0.0
MIA,MEM,0.0
MIA,MSP,0.0
MIA,MSY,0.0
MIA,OKC,1.0
MIA,ORD,0.0
MIA,ORF,0.0
MIA,PBI,0.0
MIA,PHL,0.0
MIA,PHX,0.0
MIA,PNS,0.0
MIA,RDU,0.0
MIA,RIC,0.0
MIA,SAN,0.0
MIA,SAT,0.0
MIA,SEA,0.0
MIA,SFO,0.0
MIA,SJU,0.0
MIA,SLC,0.0
MIA,STL,1.0
MIA,TLH,0.0
MIA,TPA,0.0
MIA,TUL,1.0
MKE,ATL,0.0
MKE,BOS,0.0
MKE,BWI,0.0
MKE,CLE,0.0
MKE,CVG,0.0
MKE,DAL,0.0
MKE,DCA,0.0
MKE,DEN,0.0
MKE,DFW,0.0
MKE,DTW,0.0
MKE,EWR,0.0
MKE,FLL,0.0
MKE,IAH,0.0
MKE,LAS,0.0
MKE,LAX,0.0
MKE,LGA,0.0
MKE,MCI,0.0
MKE,MCO,0.0
MKE,MSP,0.0
MKE,MSY,0.0
MKE,ORD,0.0
MKE,PHX,0.0
MKE,RSW,0.0
MKE,SAN,0.0
MKE,SEA,0.0
MKE,SFO,0.0
MKE,STL,0.0
MKE,TPA,0.0
MKE,TTN,0.0
MKG,ORD,0.0
MLB,ATL,0.0
MLI,ATL,0.0
MLI,DEN,0.0
MLI,DFW,0.0
MLI,DTW,0.0
MLI,MSP,1.0
MLI,ORD,0.0
MLU,ATL,0.0
MLU,DFW,0.0
MLU,IAH,0.0
MMH,DEN,1.0
MMH,SFO,0.0
MOB,ATL,0.0
MOB,DFW,0.0
MOB,IAH,0.0
MOB,ORD,0.0
MOT,DEN,0.0
MOT,MSP,0.0
MQT,DTW,1.0
MQT,ORD,0.0
MRY,LAX,0.0
MRY,PHX,0.0
MRY,SFO,0.0
MSN,ATL,0.0
MSN,BOS,1.0
MSN,CID,1.0
MSN,CVG,0.0
MSN,DEN,0.0
MSN,DFW,0.0
MSN,DTW,0.0
MSN,EWR,0.0
MSN,IAH,0.0
MSN,LAX,0.0
MSN,LGA,0.0
MSN,MCO,0.0
MSN,MSP,0.0
MSN,ORD,0.0
MSN,SAN,0.0
MSN,SFO,1.0
MSN,SLC,0.0
MSO,ATL,1.0
MSO,DEN,0.0
MSO,MSP,0.0
MSO,ORD,0.0
MSO,SEA,1.0
MSO,SFO,0.0
MSO,SLC,0.0
MSP,ABQ,0.0
MSP,ABR,0.0
MSP,ALB,0.0
MSP,ANC,0.0
MSP,ASE,1.0
MSP,ATL,0.0
MSP,ATW,0.0
MSP,AUS,0.0
MSP,AZO,0.0
MSP,BDL,0.0
MSP,BIL,0.0
MSP,BIS,0.0
MSP,BJI,0.0
MSP,BMI,0.0
MSP,BNA,0.0
MSP,BOI,0.0
MSP,BOS,0.0
MSP,BRD,0.0
MSP,BUF,0.0
MSP,BWI,0.0
MSP,BZN,0.0
MSP,CID,0.0
MSP,CLE,0.0
MSP,CLT,0.0
MSP,CMH,0.0
MSP,CVG,0.0
MSP,CWA,0.0
MSP,DAY,0.0
MSP,DCA,0.0
MSP,DEN,0.0
MSP,DFW,0.0
MSP,DIK,0.0
MSP,DLH,0.0
MSP,DSM,0.0
MSP,DTW,0.0
MSP,EGE,1.0
MSP,EWR,0.0
MSP,FAI,0.0
MSP,FAR,0.0
MSP,FCA,0.0
MSP,FLL,0.0
MSP,FNT,0.0
MSP,FSD,0.0
MSP,FWA,1.0
MSP,GEG,0.0
MSP,GFK,0.0
MSP,GRB,0.0
MSP,GRR,0.0
MSP,GTF,0.0
MSP,HIB,0.0
MSP,HLN,0.0
MSP,HNL,0.0
MSP,IAD,0.0
MSP,IAH,0.0
MSP,ICT,0.0
MSP,IDA,1.0
MSP,IMT,0.0
MSP,IND,0.0
MSP,INL,0.0
MSP,ISN,0.0
MSP,JAC,0.0
MSP,JAX,0.0
MSP,JFK,0.0
MSP,LAN,0.0
MSP,LAS,0.0
MSP,LAX,0.0
MSP,LEX,1.0
MSP,LGA,0.0
MSP,LNK,0.0
MSP,LSE,0.0
MSP,MBS,0.0
MSP,MCI,0.0
MSP,MCO,0.0
MSP,MDW,0.0
MSP,MEM,0.0
MSP,MIA,0.0
MSP,MKE,0.0
MSP,MLI,0.0
MSP,MOT,0.0
MSP,MSN,0.0
MSP,MSO,0.0
MSP,MSY,0.0
MSP,OKC,0.0
MSP,OMA,0.0
MSP,ORD,0.0
MSP,ORF,0.0
MSP,PDX,0.0
MSP,PHL,0.0
MSP,PHX,0.0
MSP,PIA,1.0
MSP,PIT,0.0
MSP,PSC,0.0
MSP,PSP,0.0
MSP,RAP,0.0
MSP,RDU,0.0
MSP,RHI,0.0
MSP,RIC,1.0
MSP,RNO,0.0
MSP,ROC,0.0
MSP,RST,0.0
MSP,RSW,0.0
MSP,SAN,0.0
MSP,SAT,0.0
MSP,SBN,0.0
MSP,SDF,0.0
MSP,SEA,0.0
MSP,SFO,0.0
MSP,SJC,0.0
MSP,SJU,0.0
MSP,SLC,0.0
MSP,SMF,0.0
MSP,SNA,0.0
MSP,STL,0.0
MSP,SYR,0.0
MSP,TPA,0.0
MSP,TTN,1.0
MSP,TUL,0.0
MSP,TUS,0.0
MSP,TVC,0.0
MSP,XNA,0.0
MSY,ATL,0.0
MSY,AUS,0.0
MSY,BNA,0.0
MSY,BOS,0.0
MSY,BWI,0.0
MSY,CLT,0.0
MSY,CMH,0.0
MSY,DAL,0.0
MSY,DCA,0.0
MSY,DEN,0.0
MSY,DFW,0.0
MSY,DTW,0.0
MSY,EWR,0.0
MSY,FLL,0.0
MSY,HOU,0.0
MSY,IAD,0.0
MSY,IAH,0.0
MSY,JFK,0.0
MSY,LAS,0.0
MSY,LAX,0.0
MSY,LGA,0.0
MSY,MCI,0.0
MSY,MCO,0.0
MSY,MDW,0.0
MSY,MIA,0.0
MSY,MKE,0.0
MSY,MSP,0.0
MSY,OAK,0.0
MSY,ORD,0.0
MSY,PHL,0.0
MSY,PHX,0.0
MSY,SAN,0.0
MSY,SAT,0.0
MSY,SEA,0.0
MSY,SFO,0.0
MSY,SLC,0.0
MSY,STL,0.0
MSY,TPA,0.0
MTJ,ATL,0.0
MTJ,DEN,0.0
MTJ,DFW,0.0
MTJ,EWR,0.0
MTJ,IAH,0.0
MTJ,LAX,0.0
MTJ,LGA,0.0
MTJ,ORD,0.0
MTJ,PHX,1.0
MTJ,SFO,0.0
MVY,BOS,0.0
MVY,JFK,0.0
MYR,ACY,0.0
MYR,ATL,0.0
MYR,BOS,0.0
MYR,BWI,0.0
MYR,CLE,0.0
MYR,CLT,0.0
MYR,CRW,0.0
MYR,DFW,1.0
MYR,DTW,0.0
MYR,EWR,0.0
MYR,FLL,0.0
MYR,IAG,0.0
MYR,LBE,0.0
MYR,LGA,1.0
MYR,ORD,1.0
MYR,PBG,1.0
MYR,PHL,1.0
OAJ,ATL,0.0
OAK,ABQ,0.0
OAK,ATL,1.0
OAK,AUS,0.0
OAK,BNA,0.0
OAK,BOI,0.0
OAK,BOS,1.0
OAK,BUR,0.0
OAK,BWI,0.0
OAK,CMH,0.0
OAK,DAL,0.0
OAK,DEN,0.0
OAK,DFW,0.0
OAK,FLL,1.0
OAK,GEG,0.0
OAK,HNL,0.0
OAK,HOU,0.0
OAK,IAH,1.0
OAK,JFK,0.0
OAK,KOA,0.0
OAK,LAS,0.0
OAK,LAX,1.0
OAK,LGB,0.0
OAK,LIH,0.0
OAK,MCI,0.0
OAK,MDW,0.0
OAK,MSY,1.0
OAK,OGG,0.0
OAK,ONT,0.0
OAK,ORD,0.0
OAK,PDX,0.0
OAK,PHX,0.0
OAK,SAN,0.0
OAK,SEA,0.0
OAK,SLC,0.0
OAK,SNA,0.0
OGG,ANC,0.0
OGG,BLI,0.0
OGG,DEN,0.0
OGG,DFW,0.0
OGG,HNL,0.0
OGG,ITO,0.0
OGG,KOA,0.0
OGG,LAX,0.0
OGG,LIH,1.0
OGG,OAK,0.0
OGG,ORD,1.0
OGG,PDX,0.0
OGG,PHX,0.0
OGG,SAN,0.0
OGG,SEA,0.0
OGG,SFO,0.0
OGG,SJC,0.0
OGG,SMF,0.0
OKC,ATL,0.0
OKC,BWI,0.0
OKC,DAL,0.0
OKC,DEN,0.0
OKC,DFW,0.0
OKC,DTW,0.0
OKC,EWR,0.0
OKC,FLL,1.0
OKC,HOU,0.0
OKC,IAD,0.0
OKC,IAH,0.0
OKC,LAS,0.0
OKC,LAX,1.0
OKC,MDW,0.0
OKC,MIA,1.0
OKC,MSP,0.0
OKC,ORD,0.0
OKC,PHX,0.0
OKC,SEA,0.0
OKC,SFO,0.0
OKC,SLC,0.0
OKC,STL,0.0
OMA,ATL,0.0
OMA,DAL,0.0
OMA,DCA,1.0
OMA,DEN,0.0
OMA,DFW,0.0
OMA,DTW,0.0
OMA,EWR,0.0
OMA,IAH,0.0
OMA,LAS,0.0
OMA,LAX,0.0
OMA,LGA,0.0
OMA,MCO,0.0
OMA,MDW,0.0
OMA,MSP,0.0
OMA,ORD,0.0
OMA,PDX,1.0
OMA,PHX,0.0
OMA,SEA,0.0
OMA,SFO,0.0
OMA,SLC,0.0
OMA,STL,0.0
OME,ANC,0.0
OME,OTZ,0.0
ONT,ATL,0.0
ONT,DEN,0.0
ONT,DFW,0.0
ONT,IAH,0.0
ONT,LAS,0.0
ONT,MDW,0.0
ONT,OAK,0.0
ONT,PDX,0.0
ONT,PHX,0.0
ONT,SEA,0.0
ONT,SFO,0.0
ONT,SJC,0.0
ONT,SLC,0.0
ONT,SMF,0.0
ORD,ABE,0.0
ORD,ABQ,0.0
ORD,ACY,1.0
ORD,ALB,0.0
ORD,ALO,0.0
ORD,ANC,0.0
ORD,ASE,1.0
ORD,ATL,0.0
ORD,ATW,0.0
ORD,AUS,0.0
ORD,AVL,0.0
ORD,AVP,1.0
ORD,AZO,0.0
ORD,BDL,0.0
ORD,BHM,0.0
ORD,BIL,1.0
ORD,BIS,0.0
ORD,BMI,0.0
ORD,BNA,0.0
ORD,BOI,1.0
ORD,BOS,0.0
ORD,BTV,0.0
ORD,BUF,0.0
ORD,BWI,0.0
ORD,BZN,0.0
ORD,CAE,1.0
ORD,CAK,0.0
ORD,CHA,0.0
ORD,CHO,0.0
ORD,CHS,0.0
ORD,CID,0.0
ORD,CLE,0.0
ORD,CLT,0.0
ORD,CMH,0.0
ORD,CMI,0.0
ORD,CMX,0.0
ORD,COD,1.0
ORD,COS,1.0
ORD,COU,0.0
ORD,CRW,0.0
ORD,CVG,0.0
ORD,CWA,0.0
ORD,DAY,0.0
ORD,DBQ,0.0
ORD,DCA,0.0
ORD,DEN,1.0
ORD,DFW,0.0
ORD,DLH,0.0
ORD,DSM,0.0
ORD,DTW,0.0
ORD,EAU,0.0
ORD,EGE,0.0
ORD,ELM,0.0
ORD,ELP,1.0
ORD,ERI,0.0
ORD,EVV,0.0
ORD,EWR,0.0
ORD,FAI,1.0
ORD,FAR,0.0
ORD,FCA,1.0
ORD,FLL,0.0
ORD,FNT,0.0
ORD,FSD,0.0
ORD,FWA,0.0
ORD,GRB,0.0
ORD,GRR,0.0
ORD,GSO,0.0
ORD,GSP,0.0
ORD,GUC,1.0
ORD,HDN,1.0
ORD,HNL,1.0
ORD,HPN,0.0
ORD,HSV,0.0
ORD,IAD,0.0
ORD,IAH,0.0
ORD,ICT,0.0
ORD,IND,0.0
ORD,JAC,0.0
ORD,JAN,0.0
ORD,JAX,0.0
ORD,JFK,0.0
ORD,LAN,0.0
ORD,LAS,0.0
ORD,LAX,0.0
ORD,LBE,0.0
ORD,LEX,0.0
ORD,LGA,0.0
ORD,LIT,0.0
ORD,LNK,0.0
ORD,LSE,0.0
ORD,MBS,0.0
ORD,MCI,0.0
ORD,MCO,0.0
ORD,MDT,0.0
ORD,MEM,0.0
ORD,MHK,0.0
ORD,MHT,0.0
ORD,MIA,0.0
ORD,MKE,0.0
ORD,MKG,0.0
ORD,MLI,0.0
ORD,MOB,0.0
ORD,MQT,0.0
ORD,MSN,0.0
ORD,MSP,0.0
ORD,MSY,0.0
ORD,MTJ,1.0
ORD,MYR,1.0
ORD,OAK,0.0
ORD,OGG,1.0
ORD,OKC,0.0
ORD,OMA,0.0
ORD,ORF,1.0
ORD,PAH,0.0
ORD,PBI,0.0
ORD,PDX,0.0
ORD,PHL,0.0
ORD,PHX,0.0
ORD,PIA,0.0
ORD,PIT,0.0
ORD,PNS,0.0
ORD,PSP,0.0
ORD,PVD,1.0
ORD,PWM,1.0
ORD,RAP,1.0
ORD,RDU,0.0
ORD,RIC,0.0
ORD,RNO,0.0
ORD,ROA,0.0
ORD,ROC,0.0
ORD,RST,0.0
ORD,RSW,0.0
ORD,SAN,0.0
ORD,SAT,1.0
ORD,SAV,0.0
ORD,SBN,0.0
ORD,SCE,1.0
ORD,SDF,0.0
ORD,SEA,0.0
ORD,SFO,0.0
ORD,SGF,0.0
ORD,SJC,0.0
ORD,SJU,0.0
ORD,SLC,0.0
ORD,SMF,1.0
ORD,SNA,0.0
ORD,SPI,0.0
ORD,SRQ,0.0
ORD,STC,1.0
ORD,STL,0.0
ORD,SUX,0.0
ORD,SYR,0.0
ORD,TOL,0.0
ORD,TPA,0.0
ORD,TTN,0.0
ORD,TUL,0.0
ORD,TUS,0.0
ORD,TVC,0.0
ORD,TYS,0.0
ORD,XNA,0.0
ORF,ATL,0.0
ORF,BWI,0.0
ORF,CLT,0.0
ORF,DFW,0.0
ORF,DTW,0.0
ORF,EWR,0.0
ORF,IAD,0.0
ORF,IAH,1.0
ORF,JFK,0.0
ORF,LGA,1.0
ORF,MCO,0.0
ORF,MDW,0.0
ORF,MIA,0.0
ORF,MSP,1.0
ORF,ORD,0.0
ORF,TPA,1.0
ORH,FLL,0.0
ORH,MCO,0.0
OTH,DEN,0.0
OTH,SFO,0.0
OTZ,ANC,0.0
OTZ,OME,1.0
PAH,ORD,0.0
PBG,FLL,0.0
PBG,MYR,1.0
PBI,ACY,0.0
PBI,ATL,0.0
PBI,BDL,1.0
PBI,BOS,1.0
PBI,BWI,0.0
PBI,CLT,0.0
PBI,DCA,0.0
PBI,DEN,0.0
PBI,DFW,0.0
PBI,DTW,0.0
PBI,EWR,0.0
PBI,HPN,0.0
PBI,IAD,1.0
PBI,IAH,0.0
PBI,ISP,0.0
PBI,JFK,0.0
PBI,LAX,0.0
PBI,LGA,0.0
PBI,MDW,0.0
PBI,ORD,0.0
PBI,PHL,0.0
PBI,PIT,1.0
PBI,PVD,0.0
PBI,TTN,1.0
PDX,ABQ,0.0
PDX,ANC,0.0
PDX,ATL,0.0
PDX,AUS,0.0
PDX,BOI,1.0
PDX,BOS,0.0
PDX,BUR,0.0
PDX,BWI,0.0
PDX,BZN,0.0
PDX,CLT,0.0
PDX,DAL,0.0
PDX,DCA,0.0
PDX,DEN,0.0
PDX,DFW,0.0
PDX,DTW,0.0
PDX,EWR,0.0
PDX,FAT,0.0
PDX,HNL,0.0
PDX,HOU,1.0
PDX,IAD,0.0
PDX,IAH,0.0
PDX,JFK,0.0
PDX,KOA,0.0
PDX,LAS,0.0
PDX,LAX,0.0
PDX,LGB,0.0
PDX,LIH,0.0
PDX,MCI,0.0
PDX,MDW,0.0
PDX,MSP,0.0
PDX,OAK,0.0
PDX,OGG,0.0
PDX,ONT,0.0
PDX,ORD,0.0
PDX,PHL,0.0
PDX,PHX,0.0
PDX,PSP,0.0
PDX,SAN,0.0
PDX,SBA,0.0
PDX,SEA,0.0
PDX,SFO,0.0
PDX,SJC,0.0
PDX,SLC,0.0
PDX,SMF,0.0
PDX,SNA,0.0
PDX,STL,0.0
PDX,TUS,0.0
PHF,ATL,0.0
PHF,DEN,0.0
PHL,ATL,0.0
PHL,AUS,0.0
PHL,BDL,0.0
PHL,BNA,0.0
PHL,BOS,0.0
PHL,BWI,1.0
PHL,CHS,0.0
PHL,CLE,0.0
PHL,CLT,0.0
PHL,DAL,0.0
PHL,DCA,0.0
PHL,DEN,0.0
PHL,DFW,0.0
PHL,DTW,0.0
PHL,FLL,0.0
PHL,IAH,0.0
PHL,IND,0.0
PHL,JAX,0.0
PHL,LAS,0.0
PHL,LAX,0.0
PHL,LGA,0.0
PHL,MCO,0.0
PHL,MDW,0.0
PHL,MIA,0.0
PHL,MSP,0.0
PHL,MSY,0.0
PHL,MYR,1.0
PHL,ORD,0.0
PHL,PBI,0.0
PHL,PDX,0.0
PHL,PHX,0.0
PHL,PIT,0.0
PHL,PVD,0.0
PHL,RDU,0.0
PHL,RIC,0.0
PHL,RSW,0.0
PHL,SAN,0.0
PHL,SAT,0.0
PHL,SEA,0.0
PHL,SFO,0.0
PHL,SJU,1.0
PHL,SLC,0.0
PHL,SMF,0.0
PHL,STL,0.0
PHL,TPA,0.0
PHX,ABQ,0.0
PHX,ANC,0.0
PHX,ATL,0.0
PHX,AUS,0.0
PHX,BFL,0.0
PHX,BNA,1.0
PHX,BOI,0.0
PHX,BOS,0.0
PHX,BUF,0.0
PHX,BUR,0.0
PHX,BWI,0.0
PHX,CLE,0.0
PHX,CLT,0.0
PHX,CMH,0.0
PHX,CVG,0.0
PHX,DAL,0.0
PHX,DCA,0.0
PHX,DEN,0.0
PHX,DFW,0.0
PHX,DRO,0.0
PHX,DSM,0.0
PHX,DTW,0.0
PHX,ELP,0.0
PHX,EWR,0.0
PHX,FAT,0.0
PHX,FLG,0.0
PHX,FLL,0.0
PHX,GEG,0.0
PHX,GJT,0.0
PHX,HNL,1.0
PHX,HOU,0.0
PHX,IAD,0.0
PHX,IAH,0.0
PHX,IND,0.0
PHX,JFK,0.0
PHX,KOA,0.0
PHX,LAS,0.0
PHX,LAX,0.0
PHX,LGB,0.0
PHX,LIH,0.0
PHX,LIT,0.0
PHX,MCI,0.0
PHX,MCO,0.0
PHX,MDW,0.0
PHX,MIA,0.0
PHX,MKE,0.0
PHX,MRY,0.0
PHX,MSP,0.0
PHX,MSY,0.0
PHX,MTJ,1.0
PHX,OAK,0.0
PHX,OGG,0.0
PHX,OKC,1.0
PHX,OMA,0.0
PHX,ONT,0.0
PHX,ORD,0.0
PHX,PDX,0.0
PHX,PHL,0.0
PHX,PIT,0.0
PHX,PSP,0.0
PHX,RDU,0.0
PHX,RNO,0.0
PHX,SAN,0.0
PHX,SAT,0.0
PHX,SBA,0.0
PHX,SBP,0.0
PHX,SDF,0.0
PHX,SEA,0.0
PHX,SFO,0.0
PHX,SJC,0.0
PHX,SLC,0.0
PHX,SMF,0.0
PHX,SNA,0.0
PHX,STL,0.0
PHX,TPA,0.0
PHX,TUL,1.0
PHX,TUS,0.0
PHX,YUM,0.0
PIA,ATL,0.0
PIA,DEN,1.0
PIA,DFW,0.0
PIA,DTW,0.0
PIA,IAH,0.0
PIA,MSP,1.0
PIA,ORD,0.0
PIB,DFW,1.0
PIB,MEI,0.0
PIH,SLC,0.0
PIT,ATL,0.0
PIT,BNA,0.0
PIT,BOS,0.0
PIT,BWI,0.0
PIT,CLT,0.0
PIT,CVG,1.0
PIT,DAL,0.0
PIT,DCA,0.0
PIT,DEN,0.0
PIT,DFW,0.0
PIT,DTW,0.0
PIT,EWR,0.0
PIT,FLL,0.0
PIT,HOU,0.0
PIT,IAD,0.0
PIT,IAH,0.0
PIT,JFK,1.0
PIT,LAS,0.0
PIT,LAX,0.0
PIT,LGA,0.0
PIT,MCO,0.0
PIT,MDW,0.0
PIT,MSP,0.0
PIT,ORD,0.0
PIT,PBI,0.0
PIT,PHL,0.0
PIT,PHX,0.0
PIT,RSW,0.0
PIT,SFO,0.0
PIT,TPA,0.0
PLN,DTW,0.0
PNS,ATL,0.0
PNS,BNA,0.0
PNS,DCA,0.0
PNS,DFW,0.0
PNS,HOU,0.0
PNS,IAH,0.0
PNS,MDW,0.0
PNS,MIA,0.0
PNS,ORD,0.0
PSC,DEN,0.0
PSC,MSP,0.0
PSC,SEA,1.0
PSC,SFO,0.0
PSC,SLC,0.0
PSE,JFK,0.0
PSE,MCO,0.0
PSG,JNU,0.0
PSG,WRG,0.0
PSP,DEN,0.0
PSP,DFW,0.0
PSP,IAH,0.0
PSP,JFK,0.0
PSP,LAX,0.0
PSP,MSP,0.0
PSP,ORD,0.0
PSP,PDX,0.0
PSP,PHX,0.0
PSP,SEA,0.0
PSP,SFO,0.0
PSP,SLC,0.0
PUB,DEN,0.0
PVD,ATL,0.0
PVD,BWI,0.0
PVD,CLT,0.0
PVD,DCA,0.0
PVD,DTW,0.0
PVD,EWR,0.0
PVD,FLL,0.0
PVD,IAD,0.0
PVD,MCO,0.0
PVD,MDW,0.0
PVD,ORD,0.0
PVD,PBI,0.0
PVD,PHL,0.0
PVD,RSW,0.0
PVD,TPA,0.0
PWM,ATL,0.0
PWM,BWI,0.0
PWM,CLT,0.0
PWM,DCA,0.0
PWM,DTW,0.0
PWM,EWR,1.0
PWM,JFK,0.0
PWM,LGA,0.0
PWM,MCO,0.0
PWM,MDW,0.0
PWM,ORD,0.0
RAP,ATL,0.0
RAP,DEN,0.0
RAP,DFW,0.0
RAP,IAH,0.0
RAP,MSP,0.0
RAP,ORD,0.0
RAP,SLC,0.0
RDD,SFO,0.0
RDM,DEN,0.0
RDM,LAX,0.0
RDM,SFO,0.0
RDM,SLC,0.0
RDU,ATL,0.0
RDU,BDL,0.0
RDU,BNA,0.0
RDU,BOS,0.0
RDU,BWI,0.0
RDU,CLE,0.0
RDU,CLT,0.0
RDU,CVG,0.0
RDU,DAL,0.0
RDU,DCA,1.0
RDU,DEN,0.0
RDU,DFW,0.0
RDU,DTW,0.0
RDU,EWR,0.0
RDU,FLL,0.0
RDU,HOU,0.0
RDU,IAD,0.0
RDU,IAH,0.0
RDU,IND,1.0
RDU,JFK,0.0
RDU,LAS,0.0
RDU,LAX,0.0
RDU,LGA,0.0
RDU,MCO,0.0
RDU,MDW,0.0
RDU,MIA,0.0
RDU,MSP,0.0
RDU,ORD,0.0
RDU,PHF,1.0
RDU,PHL,0.0
RDU,PHX,0.0
RDU,SEA,1.0
RDU,SFO,0.0
RDU,STL,0.0
RDU,TPA,0.0
RDU,TTN,0.0
RHI,IMT,0.0
RHI,MSP,1.0
RIC,ATL,0.0
RIC,BOS,0.0
RIC,CAE,1.0
RIC,CLT,0.0
RIC,CVG,0.0
RIC,DFW,0.0
RIC,DTW,0.0
RIC,EWR,0.0
RIC,FLL,0.0
RIC,IAD,0.0
RIC,IAH,0.0
RIC,LGA,0.0
RIC,MCO,0.0
RIC,MIA,0.0
RIC,MSP,0.0
RIC,ORD,0.0
RIC,PHL,0.0
RKS,DEN,0.0
RKS,GCC,0.0
RKS,SLC,0.0
RNO,DEN,0.0
RNO,DFW,0.0
RNO,IAH,0.0
RNO,JFK,0.0
RNO,LAS,0.0
RNO,LAX,1.0
RNO,MDW,0.0
RNO,MSP,0.0
RNO,ORD,0.0
RNO,PHX,0.0
RNO,SAN,0.0
RNO,SFO,0.0
RNO,SLC,0.0
ROA,ATL,0.0
ROA,IAD,0.0
ROA,ORD,0.0
ROC,ATL,0.0
ROC,BWI,0.0
ROC,CLT,0.0
ROC,DTW,0.0
ROC,EWR,0.0
ROC,IAD,0.0
ROC,JFK,0.0
ROC,LGA,0.0
ROC,MCO,0.0
ROC,MDW,0.0
ROC,MSP,0.0
ROC,ORD,0.0
ROC,TPA,0.0
ROW,DFW,0.0
RST,ATL,0.0
RST,CLE,1.0
RST,DTW,0.0
RST,MSP,0.0
RST,ORD,0.0
RSW,ACY,0.0
RSW,ALB,1.0
RSW,ATL,0.0
RSW,BDL,0.0
RSW,BNA,0.0
RSW,BOS,0.0
RSW,BUF,0.0
RSW,BWI,0.0
RSW,CAK,0.0
RSW,CLE,0.0
RSW,CLT,0.0
RSW,CMH,0.0
RSW,CVG,0.0
RSW,DCA,0.0
RSW,DEN,0.0
RSW,DFW,0.0
RSW,DTW,0.0
RSW,EWR,0.0
RSW,FNT,0.0
RSW,GRR,0.0
RSW,HOU,0.0
RSW,HPN,0.0
RSW,IAD,1.0
RSW,IAH,0.0
RSW,IND,0.0
RSW,ISP,0.0
RSW,JFK,0.0
RSW,LBE,0.0
RSW,LGA,0.0
RSW,MCI,0.0
RSW,MDW,0.0
RSW,MKE,0.0
RSW,MSP,0.0
RSW,ORD,0.0
RSW,PHL,0.0
RSW,PIT,0.0
RSW,PVD,0.0
RSW,STL,0.0
RSW,TTN,0.0
SAF,DEN,0.0
SAF,DFW,0.0
SAF,LAX,1.0
SAN,ABQ,0.0
SAN,ATL,0.0
SAN,AUS,0.0
SAN,BNA,0.0
SAN,BOI,0.0
SAN,BOS,0.0
SAN,BWI,0.0
SAN,CLT,0.0
SAN,CVG,0.0
SAN,DAL,0.0
SAN,DEN,0.0
SAN,DFW,0.0
SAN,DTW,0.0
SAN,EWR,0.0
SAN,FAT,0.0
SAN,HNL,1.0
SAN,HOU,0.0
SAN,IAD,0.0
SAN,IAH,0.0
SAN,JFK,0.0
SAN,KOA,0.0
SAN,LAS,0.0
SAN,LAX,0.0
SAN,LIH,0.0
SAN,MCI,0.0
SAN,MCO,0.0
SAN,MDW,0.0
SAN,MIA,0.0
SAN,MKE,0.0
SAN,MSP,0.0
SAN,MSY,0.0
SAN,OAK,0.0
SAN,OGG,0.0
SAN,ORD,0.0
SAN,PDX,0.0
SAN,PHL,0.0
SAN,PHX,0.0
SAN,RNO,0.0
SAN,SAT,0.0
SAN,SEA,0.0
SAN,SFO,0.0
SAN,SJC,0.0
SAN,SLC,0.0
SAN,SMF,0.0
SAN,STL,0.0
SAN,TUS,0.0
SAT,ATL,0.0
SAT,BNA,0.0
SAT,BWI,0.0
SAT,CLT,0.0
SAT,DAL,0.0
SAT,DEN,0.0
SAT,DFW,0.0
SAT,DTW,0.0
SAT,ELP,0.0
SAT,EWR,0.0
SAT,HOU,0.0
SAT,IAD,1.0
SAT,IAH,0.0
SAT,JFK,0.0
SAT,LAS,0.0
SAT,LAX,0.0
SAT,MCO,0.0
SAT,MDW,0.0
SAT,MIA,0.0
SAT,MSP,0.0
SAT,MSY,0.0
SAT,ORD,0.0
SAT,PHL,0.0
SAT,PHX,0.0
SAT,SAN,0.0
SAT,SEA,0.0
SAT,SFO,0.0
SAT,SLC,0.0
SAT,STL,0.0
SAT,TPA,0.0
SAV,ATL,0.0
SAV,BOS,0.0
SAV,DFW,0.0
SAV,DTW,1.0
SAV,EWR,0.0
SAV,IAD,0.0
SAV,IAH,0.0
SAV,JFK,0.0
SAV,LGA,0.0
SAV,ORD,0.0
SBA,DEN,0.0
SBA,LAX,0.0
SBA,PDX,0.0
SBA,PHX,0.0
SBA,SEA,0.0
SBA,SFO,0.0
SBN,ATL,0.0
SBN,COS,1.0
SBN,DTW,0.0
SBN,EWR,0.0
SBN,IAH,0.0
SBN,MSP,0.0
SBN,ORD,0.0
SBP,LAX,0.0
SBP,PHX,0.0
SBP,SFO,0.0
SCC,ANC,0.0
SCC,BRW,0.0
SCE,ATL,0.0
SCE,DTW,0.0
SCE,ORD,0.0
SDF,ATL,0.0
SDF,BWI,0.0
SDF,CLT,0.0
SDF,DCA,0.0
SDF,DEN,0.0
SDF,DFW,0.0
SDF,DTW,0.0
SDF,EWR,0.0
SDF,IAD,0.0
SDF,IAH,0.0
SDF,LAS,0.0
SDF,LGA,0.0
SDF,MCO,0.0
SDF,MDW,0.0
SDF,MSP,1.0
SDF,ORD,0.0
SDF,PHX,0.0
SDF,TPA,0.0
SEA,ABQ,0.0
SEA,ANC,0.0
SEA,ATL,0.0
SEA,AUS,0.0
SEA,BIL,0.0
SEA,BLI,1.0
SEA,BNA,0.0
SEA,BOI,0.0
SEA,BOS,0.0
SEA,BUR,0.0
SEA,BWI,0.0
SEA,BZN,0.0
SEA,CHS,0.0
SEA,CLE,0.0
SEA,CLT,0.0
SEA,COS,1.0
SEA,CVG,0.0
SEA,DAL,1.0
SEA,DCA,0.0
SEA,DEN,0.0
SEA,DFW,0.0
SEA,DTW,0.0
SEA,EWR,0.0
SEA,FAI,0.0
SEA,FAT,0.0
SEA,FLL,0.0
SEA,GEG,0.0
SEA,HDN,0.0
SEA,HNL,0.0
SEA,HOU,1.0
SEA,IAD,0.0
SEA,IAH,0.0
SEA,JAC,0.0
SEA,JFK,0.0
SEA,JNU,0.0
SEA,KOA,0.0
SEA,KTN,0.0
SEA,LAS,0.0
SEA,LAX,0.0
SEA,LGB,0.0
SEA,LIH,0.0
SEA,MCI,0.0
SEA,MCO,0.0
SEA,MDW,0.0
SEA,MIA,0.0
SEA,MKE,0.0
SEA,MSO,1.0
SEA,MSP,0.0
SEA,MSY,0.0
SEA,OAK,0.0
SEA,OGG,0.0
SEA,OKC,0.0
SEA,OMA,0.0
SEA,ONT,0.0
SEA,ORD,0.0
SEA,PDX,0.0
SEA,PHL,0.0
SEA,PHX,0.0
SEA,PSC,0.0
SEA,PSP,0.0
SEA,RDU,0.0
SEA,SAN,0.0
SEA,SAT,0.0
SEA,SBA,0.0
SEA,SFO,0.0
SEA,SIT,0.0
SEA,SJC,0.0
SEA,SLC,0.0
SEA,SMF,0.0
SEA,SNA,0.0
SEA,STL,0.0
SEA,TPA,0.0
SEA,TUS,0.0
SFO,ABQ,1.0
SFO,ACV,0.0
SFO,ANC,0.0
SFO,ASE,1.0
SFO,ATL,0.0
SFO,AUS,0.0
SFO,BFL,0.0
SFO,BOI,0.0
SFO,BOS,0.0
SFO,BUR,0.0
SFO,BWI,0.0
SFO,BZN,1.0
SFO,CEC,0.0
SFO,CLE,0.0
SFO,CLT,0.0
SFO,COS,0.0
SFO,CVG,0.0
SFO,DAL,0.0
SFO,DCA,0.0
SFO,DEN,0.0
SFO,DFW,0.0
SFO,DTW,0.0
SFO,EUG,0.0
SFO,EWR,0.0
SFO,FAT,0.0
SFO,FLL,1.0
SFO,HDN,0.0
SFO,HNL,1.0
SFO,IAD,0.0
SFO,IAH,0.0
SFO,IND,0.0
SFO,JAC,1.0
SFO,JFK,0.0
SFO,KOA,0.0
SFO,LAS,0.0
SFO,LAX,0.0
SFO,LGB,0.0
SFO,LIH,0.0
SFO,MCI,1.0
SFO,MCO,0.0
SFO,MDW,0.0
SFO,MFR,0.0
SFO,MIA,0.0
SFO,MKE,0.0
SFO,MMH,0.0
SFO,MRY,0.0
SFO,MSN,1.0
SFO,MSO,1.0
SFO,MSP,0.0
SFO,MSY,0.0
SFO,MTJ,1.0
SFO,OGG,0.0
SFO,OKC,1.0
SFO,OMA,0.0
SFO,ONT,0.0
SFO,ORD,0.0
SFO,OTH,1.0
SFO,PDX,0.0
SFO,PHL,0.0
SFO,PHX,0.0
SFO,PIT,0.0
SFO,PSC,0.0
SFO,PSP,0.0
SFO,RDD,0.0
SFO,RDM,0.0
SFO,RDU,0.0
SFO,RNO,0.0
SFO,SAN,0.0
SFO,SAT,0.0
SFO,SBA,0.0
SFO,SBP,0.0
SFO,SEA,0.0
SFO,SLC,0.0
SFO,SMF,0.0
SFO,SMX,0.0
SFO,SNA,0.0
SFO,STL,0.0
SFO,SUN,0.0
SFO,TUS,1.0
SFO,XNA,0.0
SGF,ATL,0.0
SGF,CLT,1.0
SGF,DEN,0.0
SGF,DFW,0.0
SGF,ORD,0.0
SGU,DEN,0.0
SGU,SLC,0.0
SHV,ATL,0.0
SHV,DEN,0.0
SHV,DFW,0.0
SHV,IAH,0.0
SIT,JNU,0.0
SIT,KTN,0.0
SIT,SEA,0.0
SJC,ATL,0.0
SJC,AUS,0.0
SJC,BOS,1.0
SJC,BUR,0.0
SJC,DAL,1.0
SJC,DEN,0.0
SJC,DFW,0.0
SJC,HNL,0.0
SJC,IAH,0.0
SJC,JFK,0.0
SJC,KOA,0.0
SJC,LAS,0.0
SJC,LAX,1.0
SJC,LIH,0.0
SJC,MDW,0.0
SJC,MSP,0.0
SJC,OGG,0.0
SJC,ONT,0.0
SJC,ORD,0.0
SJC,PDX,0.0
SJC,PHX,0.0
SJC,SAN,0.0
SJC,SEA,0.0
SJC,SLC,0.0
SJC,SNA,0.0
SJT,DFW,0.0
SJU,ATL,0.0
SJU,BDL,1.0
SJU,BOS,0.0
SJU,BWI,0.0
SJU,CLE,0.0
SJU,CLT,0.0
SJU,DCA,0.0
SJU,DFW,0.0
SJU,DTW,0.0
SJU,EWR,1.0
SJU,FLL,0.0
SJU,HOU,0.0
SJU,IAD,0.0
SJU,IAH,0.0
SJU,JFK,0.0
SJU,MCO,0.0
SJU,MIA,0.0
SJU,MSP,0.0
SJU,ORD,0.0
SJU,PHL,0.0
SJU,TPA,0.0
SLC,ABQ,0.0
SLC,ANC,1.0
SLC,ATL,0.0
SLC,AUS,0.0
SLC,BIL,0.0
SLC,BNA,0.0
SLC,BOI,0.0
SLC,BOS,0.0
SLC,BTM,0.0
SLC,BUR,0.0
SLC,BWI,0.0
SLC,BZN,0.0
SLC,CDC,1.0
SLC,CLT,0.0
SLC,CNY,0.0
SLC,COD,0.0
SLC,COS,0.0
SLC,CPR,0.0
SLC,CVG,0.0
SLC,DAL,0.0
SLC,DCA,0.0
SLC,DEN,0.0
SLC,DFW,0.0
SLC,DSM,0.0
SLC,DTW,0.0
SLC,EKO,0.0
SLC,EUG,0.0
SLC,EWR,0.0
SLC,FAR,0.0
SLC,FAT,0.0
SLC,FCA,0.0
SLC,GCC,0.0
SLC,GEG,0.0
SLC,GJT,0.0
SLC,GTF,0.0
SLC,HLN,0.0
SLC,HNL,0.0
SLC,HOU,0.0
SLC,IAH,0.0
SLC,IDA,0.0
SLC,IND,0.0
SLC,JAC,0.0
SLC,JFK,0.0
SLC,LAS,0.0
SLC,LAX,0.0
SLC,LGB,0.0
SLC,LWS,0.0
SLC,MCI,0.0
SLC,MCO,0.0
SLC,MDW,0.0
SLC,MEM,0.0
SLC,MFR,0.0
SLC,MIA,0.0
SLC,MSN,0.0
SLC,MSO,0.0
SLC,MSP,0.0
SLC,MSY,0.0
SLC,OAK,0.0
SLC,OKC,0.0
SLC,OMA,0.0
SLC,ONT,0.0
SLC,ORD,0.0
SLC,PDX,0.0
SLC,PHL,0.0
SLC,PHX,0.0
SLC,PIH,0.0
SLC,PSC,0.0
SLC,PSP,0.0
SLC,RAP,0.0
SLC,RDM,0.0
SLC,RKS,0.0
SLC,RNO,0.0
SLC,SAN,0.0
SLC,SAT,0.0
SLC,SEA,0.0
SLC,SFO,0.0
SLC,SGU,0.0
SLC,SJC,0.0
SLC,SMF,0.0
SLC,SNA,0.0
SLC,STL,0.0
SLC,SUN,0.0
SLC,TPA,1.0
SLC,TUL,0.0
SLC,TUS,0.0
SLC,TWF,0.0
SLC,VEL,0.0
SLC,WYS,1.0
SLC,XNA,0.0
SMF,ATL,0.0
SMF,BOS,1.0
SMF,BUR,0.0
SMF,CLT,0.0
SMF,DAL,0.0
SMF,DEN,0.0
SMF,DFW,0.0
SMF,HNL,1.0
SMF,IAD,0.0
SMF,IAH,0.0
SMF,JFK,0.0
SMF,LAS,0.0
SMF,LAX,1.0
SMF,LGB,0.0
SMF,MDW,0.0
SMF,MSP,0.0
SMF,OGG,0.0
SMF,ONT,0.0
SMF,ORD,0.0
SMF,PDX,0.0
SMF,PHL,0.0
SMF,PHX,0.0
SMF,SAN,0.0
SMF,SEA,0.0
SMF,SFO,0.0
SMF,SLC,0.0
SMF,SNA,0.0
SMX,LAX,0.0
SMX,SFO,0.0
SNA,ATL,0.0
SNA,AUS,0.0
SNA,DAL,0.0
SNA,DEN,0.0
SNA,DFW,0.0
SNA,EWR,0.0
SNA,HOU,0.0
SNA,IAH,0.0
SNA,LAS,0.0
SNA,MCI,0.0
SNA,MDW,0.0
SNA,MSP,0.0
SNA,OAK,0.0
SNA,ORD,0.0
SNA,PDX,0.0
SNA,PHX,0.0
SNA,SEA,0.0
SNA,SFO,0.0
SNA,SJC,0.0
SNA,SLC,0.0
SNA,SMF,0.0
SNA,STL,0.0
SPI,DFW,0.0
SPI,ORD,0.0
SPS,DFW,0.0
SRQ,ATL,0.0
SRQ,BOS,0.0
SRQ,DTW,0.0
SRQ,EWR,0.0
SRQ,JFK,0.0
SRQ,LGA,1.0
SRQ,ORD,0.0
STC,ORD,0.0
STL,ATL,0.0
STL,AUS,0.0
STL,BNA,0.0
STL,BOS,0.0
STL,BWI,0.0
STL,CLE,0.0
STL,CLT,0.0
STL,CMH,0.0
STL,CVG,0.0
STL,DAL,0.0
STL,DCA,0.0
STL,DEN,0.0
STL,DFW,0.0
STL,DTW,0.0
STL,ECP,0.0
STL,EWR,0.0
STL,FLL,0.0
STL,GRR,1.0
STL,HOU,0.0
STL,IAD,0.0
STL,IAH,0.0
STL,LAS,0.0
STL,LAX,0.0
STL,LGA,0.0
STL,MCI,0.0
STL,MCO,0.0
STL,MDW,0.0
STL,MIA,0.0
STL,MKE,0.0
STL,MSP,0.0
STL,MSY,0.0
STL,OKC,0.0
STL,OMA,0.0
STL,ORD,0.0
STL,PDX,0.0
STL,PHL,0.0
STL,PHX,0.0
STL,RDU,1.0
STL,RSW,0.0
STL,SAN,0.0
STL,SAT,0.0
STL,SEA,0.0
STL,SFO,0.0
STL,SLC,0.0
STL,SNA,0.0
STL,TPA,0.0
STL,TTN,1.0
STL,TUL,0.0
SUN,DEN,0.0
SUN,SFO,0.0
SUN,SLC,0.0
SUX,ORD,0.0
SWF,DTW,0.0
SWF,FLL,0.0
SWF,MCO,0.0
SWF,PBI,1.0
SWF,RSW,1.0
SWF,TPA,1.0
SYR,ATL,0.0
SYR,CLT,0.0
SYR,DCA,0.0
SYR,DTW,0.0
SYR,EWR,0.0
SYR,IAD,0.0
SYR,JFK,0.0
SYR,LGA,0.0
SYR,MCO,0.0
SYR,MSP,0.0
SYR,ORD,0.0
TLH,ATL,0.0
TLH,DFW,0.0
TLH,MIA,0.0
TOL,ORD,0.0
TPA,ACY,1.0
TPA,ALB,0.0
TPA,ATL,0.0
TPA,AUS,0.0
TPA,BDL,0.0
TPA,BHM,0.0
TPA,BNA,0.0
TPA,BOS,0.0
TPA,BUF,0.0
TPA,BWI,0.0
TPA,CAK,0.0
TPA,CLE,0.0
TPA,CLT,0.0
TPA,CMH,0.0
TPA,CVG,0.0
TPA,DAL,0.0
TPA,DAY,0.0
TPA,DCA,0.0
TPA,DEN,0.0
TPA,DFW,0.0
TPA,DTW,0.0
TPA,EWR,0.0
TPA,FLL,0.0
TPA,FNT,0.0
TPA,GRR,0.0
TPA,HOU,0.0
TPA,HPN,0.0
TPA,IAD,0.0
TPA,IAH,0.0
TPA,ILG,0.0
TPA,IND,0.0
TPA,ISP,0.0
TPA,JFK,0.0
TPA,LAS,0.0
TPA,LAX,0.0
TPA,LBE,0.0
TPA,LGA,0.0
TPA,MCI,0.0
TPA,MDW,0.0
TPA,MEM,0.0
TPA,MHT,0.0
TPA,MIA,0.0
TPA,MKE,0.0
TPA,MSP,0.0
TPA,MSY,0.0
TPA,ORD,0.0
TPA,ORF,0.0
TPA,PHL,0.0
TPA,PHX,0.0
TPA,PIT,0.0
TPA,PVD,0.0
TPA,RDU,0.0
TPA,ROC,0.0
TPA,SAT,0.0
TPA,SDF,0.0
TPA,SEA,0.0
TPA,SFO,0.0
TPA,SJU,0.0
TPA,SLC,0.0
TPA,STL,0.0
TPA,TTN,1.0
TRI,ATL,0.0
TTN,ATL,1.0
TTN,BNA,1.0
TTN,CLT,0.0
TTN,CVG,1.0
TTN,DTW,0.0
TTN,FLL,0.0
TTN,IND,1.0
TTN,MCO,0.0
TTN,MDW,1.0
TTN,MKE,0.0
TTN,MSP,1.0
TTN,ORD,0.0
TTN,PBI,0.0
TTN,RDU,0.0
TTN,RSW,0.0
TTN,STL,1.0
TTN,TPA,1.0
TTN,UST,0.0
TUL,ATL,0.0
TUL,AUS,1.0
TUL,DAL,0.0
TUL,DEN,0.0
TUL,DFW,0.0
TUL,DTW,0.0
TUL,EWR,0.0
TUL,HOU,0.0
TUL,IAD,0.0
TUL,IAH,0.0
TUL,LAS,0.0
TUL,MDW,0.0
TUL,MIA,0.0
TUL,MSP,1.0
TUL,ORD,0.0
TUL,PHX,0.0
TUL,SLC,0.0
TUL,STL,0.0
TUS,ATL,0.0
TUS,DEN,0.0
TUS,DFW,0.0
TUS,HOU,0.0
TUS,IAH,0.0
TUS,LAS,0.0
TUS,LAX,0.0
TUS,MDW,0.0
TUS,MSP,0.0
TUS,ORD,0.0
TUS,PDX,0.0
TUS,PHX,0.0
TUS,SAN,0.0
TUS,SEA,0.0
TUS,SFO,0.0
TUS,SLC,0.0
TVC,ATL,0.0
TVC,DTW,0.0
TVC,EWR,0.0
TVC,LGA,0.0
TVC,MSP,1.0
TVC,ORD,0.0
TWF,SLC,0.0
TXK,DFW,0.0
TYR,DFW,0.0
TYR,IAH,0.0
TYS,ATL,0.0
TYS,DEN,0.0
TYS,DFW,1.0
TYS,DTW,0.0
TYS,EWR,0.0
TYS,IAD,0.0
TYS,IAH,0.0
TYS,LGA,1.0
TYS,ORD,0.0
UST,IAD,1.0
UST,TTN,0.0
VEL,SLC,0.0
VLD,ATL,0.0
VPS,ATL,0.0
VPS,DFW,0.0
VPS,IAH,0.0
WRG,KTN,0.0
WRG,PSG,0.0
WYS,SLC,0.0
XNA,ATL,0.0
XNA,CVG,0.0
XNA,DEN,0.0
XNA,DFW,0.0
XNA,EWR,1.0
XNA,IAH,0.0
XNA,LGA,0.0
XNA,MSP,1.0
XNA,ORD,0.0
XNA,SFO,1.0
XNA,SLC,0.0
YAK,CDV,0.0
YAK,JNU,0.0
YUM,PHX,0.0
